Abbreviation,GridPosition,TeamName,ClassifiedPosition,Points,Status,PaceDelta (s),Sector1Time (s),Sector2Time (s),Sector3Time (s),Year,Round,EventName,IsWetRace,RainSkill,Adjusted_PaceDelta,IsPodium,Overtaking_Difficulty,Track_Downforce,Grid_Penalty_Score,Podiums_Last_3_Races,HasStreak
ALB,6.0,Williams,5.0,10.0,Finished,2.0245,32.530764705882355,19.265735294117647,40.05064705882353,2025,1,Australian Grand Prix,1,1.0,2.0245,0,6.0,2.0,36.0,0.0,0
ALO,12.0,Aston Martin,20.0,0.0,Retired,2.569,32.77388,19.28712,40.44132,2025,1,Australian Grand Prix,1,1.12,2.2937499999999997,0,6.0,2.0,72.0,0.0,0
ANT,16.0,Mercedes,4.0,12.0,Finished,1.357,32.74941176470588,19.07914705882353,39.90582352941176,2025,1,Australian Grand Prix,1,1.0,1.357,0,6.0,2.0,96.0,0.0,0
BEA,20.0,Haas F1 Team,14.0,0.0,Finished,3.39,32.95233333333333,19.670121212121213,40.618575757575755,2025,1,Australian Grand Prix,1,1.0,3.39,0,6.0,2.0,120.0,0.0,0
BOR,15.0,Kick Sauber,20.0,0.0,Retired,3.376,32.948,19.321851851851854,40.42322222222222,2025,1,Australian Grand Prix,1,1.0,3.376,0,6.0,2.0,90.0,0.0,0
DOO,14.0,Alpine,20.0,0.0,Retired,,,,,2025,1,Australian Grand Prix,1,1.0,,0,6.0,2.0,84.0,0.0,0
GAS,9.0,Alpine,11.0,0.0,Finished,2.375,32.67937142857143,19.241314285714285,40.219657142857145,2025,1,Australian Grand Prix,1,1.05,2.261904761904762,0,6.0,2.0,54.0,0.0,0
HAD,11.0,Racing Bulls,20.0,0.0,Retired,,,,,2025,1,Australian Grand Prix,1,1.0,,0,6.0,2.0,66.0,0.0,0
HAM,8.0,Ferrari,10.0,1.0,Finished,2.258,32.510666666666665,19.0155,40.57663888888889,2025,1,Australian Grand Prix,1,1.15,1.9634782608695653,0,6.0,2.0,48.0,0.0,0
HUL,17.0,Kick Sauber,7.0,6.0,Finished,2.665,32.91617647058824,19.353323529411767,40.25870588235294,2025,1,Australian Grand Prix,1,0.95,2.805263157894737,0,6.0,2.0,102.0,0.0,0
LAW,18.0,Red Bull Racing,20.0,0.0,Retired,3.5475,32.68833333333333,19.3936,40.95883333333334,2025,1,Australian Grand Prix,1,1.0,3.5475,0,6.0,2.0,108.0,0.0,0
LEC,7.0,Ferrari,8.0,4.0,Finished,1.458,32.195027777777774,19.07188888888889,40.437472222222226,2025,1,Australian Grand Prix,1,1.08,1.3499999999999999,0,6.0,2.0,42.0,0.0,0
NOR,1.0,McLaren,1.0,25.0,Finished,0.0,31.840171428571427,19.06397142857143,38.883314285714285,2025,1,Australian Grand Prix,1,1.1,0.0,1,6.0,2.0,6.0,0.0,0
OCO,19.0,Haas F1 Team,13.0,0.0,Finished,3.581,33.20037142857143,19.439514285714285,41.038428571428575,2025,1,Australian Grand Prix,1,1.05,3.4104761904761904,0,6.0,2.0,114.0,0.0,0
PIA,2.0,McLaren,9.0,2.0,Finished,0.145,32.06264705882353,18.93005882352941,39.227676470588236,2025,1,Australian Grand Prix,1,1.05,0.13809523809523808,0,6.0,2.0,12.0,0.0,0
RUS,4.0,Mercedes,3.0,15.0,Finished,1.126,32.327705882352944,19.140382352941177,39.6055,2025,1,Australian Grand Prix,1,1.08,1.0425925925925925,1,6.0,2.0,24.0,0.0,0
SAI,10.0,Williams,20.0,0.0,Retired,,,,,2025,1,Australian Grand Prix,1,1.05,,0,6.0,2.0,60.0,0.0,0
STR,13.0,Aston Martin,6.0,8.0,Finished,2.4195,32.895382352941176,19.416529411764706,40.012235294117644,2025,1,Australian Grand Prix,1,1.02,2.3720588235294118,0,6.0,2.0,78.0,0.0,0
TSU,5.0,Racing Bulls,12.0,0.0,Finished,2.1205,32.616166666666665,19.1845,40.59130555555556,2025,1,Australian Grand Prix,1,1.0,2.1205,0,6.0,2.0,30.0,0.0,0
VER,3.0,Red Bull Racing,2.0,18.0,Finished,0.7105,31.853444444444442,18.955666666666666,39.50566666666666,2025,1,Australian Grand Prix,1,1.15,0.6178260869565219,1,6.0,2.0,18.0,0.0,0
ALB,10.0,Williams,7.0,6.0,Finished,0.962,26.157528301886792,29.602207547169808,42.036811320754715,2025,2,Chinese Grand Prix,0,1.0,0.962,0,4.0,2.0,40.0,0.0,0
ALO,13.0,Aston Martin,20.0,0.0,Retired,2.6135,26.441000000000003,30.3705,42.612,2025,2,Chinese Grand Prix,0,1.12,2.6135,0,4.0,2.0,52.0,0.0,0
ANT,8.0,Mercedes,6.0,8.0,Finished,1.009,26.17301886792453,29.659169811320755,41.98833962264151,2025,2,Chinese Grand Prix,0,1.0,1.009,0,4.0,2.0,32.0,0.0,0
BEA,17.0,Haas F1 Team,8.0,4.0,Finished,0.686,26.204773584905663,29.72620754716981,41.992849056603774,2025,2,Chinese Grand Prix,0,1.0,0.686,0,4.0,2.0,68.0,0.0,0
BOR,19.0,Kick Sauber,14.0,0.0,Lapped,1.155,26.193529411764708,29.61007843137255,42.3296274509804,2025,2,Chinese Grand Prix,0,1.0,1.155,0,4.0,2.0,76.0,0.0,0
DOO,18.0,Alpine,13.0,0.0,Finished,1.505,26.27328301886792,29.687735849056605,42.27018867924529,2025,2,Chinese Grand Prix,0,1.0,1.505,0,4.0,2.0,72.0,0.0,0
GAS,16.0,Alpine,20.0,0.0,Disqualified,1.199,26.124056603773585,29.622603773584906,42.30266037735849,2025,2,Chinese Grand Prix,0,1.05,1.199,0,4.0,2.0,64.0,0.0,0
HAD,7.0,Racing Bulls,11.0,0.0,Finished,1.08,26.146019607843137,29.65886274509804,42.08896078431372,2025,2,Chinese Grand Prix,0,1.0,1.08,0,4.0,2.0,28.0,0.0,0
HAM,5.0,Ferrari,20.0,0.0,Disqualified,0.49,25.88094117647059,29.266039215686273,41.80490196078432,2025,2,Chinese Grand Prix,0,1.15,0.49,0,4.0,2.0,20.0,0.0,0
HUL,12.0,Kick Sauber,15.0,0.0,Lapped,1.788,26.338,29.974134615384614,42.577423076923075,2025,2,Chinese Grand Prix,0,0.95,1.788,0,4.0,2.0,48.0,0.0,0
LAW,20.0,Red Bull Racing,12.0,0.0,Finished,0.816,26.027039215686273,29.668470588235294,42.1281568627451,2025,2,Chinese Grand Prix,0,1.0,0.816,0,4.0,2.0,80.0,0.0,0
LEC,6.0,Ferrari,20.0,0.0,Disqualified,0.37,26.00545283018868,29.55809433962264,41.76620754716981,2025,2,Chinese Grand Prix,0,1.08,0.37,0,4.0,2.0,24.0,0.0,0
NOR,3.0,McLaren,2.0,18.0,Finished,0.142,25.958075471698113,29.353792452830188,41.79341509433962,2025,2,Chinese Grand Prix,0,1.1,0.142,1,4.0,2.0,12.0,1.0,0
OCO,11.0,Haas F1 Team,5.0,10.0,Finished,1.027,26.158264150943396,29.576283018867926,42.0198679245283,2025,2,Chinese Grand Prix,0,1.05,1.027,0,4.0,2.0,44.0,0.0,0
PIA,1.0,McLaren,1.0,25.0,Finished,0.0,25.98745283018868,29.255509433962263,41.672622641509435,2025,2,Chinese Grand Prix,0,1.05,0.0,1,4.0,2.0,4.0,0.0,0
RUS,2.0,Mercedes,3.0,15.0,Finished,0.173,26.03767924528302,29.392716981132075,41.71222641509434,2025,2,Chinese Grand Prix,0,1.08,0.173,1,4.0,2.0,8.0,1.0,0
SAI,15.0,Williams,10.0,1.0,Finished,1.251,26.199169811320754,29.715037735849055,42.248150943396226,2025,2,Chinese Grand Prix,0,1.05,1.251,0,4.0,2.0,60.0,0.0,0
STR,14.0,Aston Martin,9.0,2.0,Finished,1.41,26.21203773584906,29.633,42.29939622641509,2025,2,Chinese Grand Prix,0,1.02,1.41,0,4.0,2.0,56.0,0.0,0
TSU,9.0,Racing Bulls,16.0,0.0,Lapped,1.0155,26.190208333333334,29.59775,42.01497916666667,2025,2,Chinese Grand Prix,0,1.0,1.0155,0,4.0,2.0,36.0,0.0,0
VER,4.0,Red Bull Racing,4.0,12.0,Finished,0.29,25.982169811320755,29.43224528301887,41.78503773584906,2025,2,Chinese Grand Prix,0,1.15,0.29,0,4.0,2.0,16.0,1.0,0
ALB,9.0,Williams,9.0,2.0,Finished,1.025,32.67852,42.30634,18.092760000000002,2025,3,Japanese Grand Prix,0,1.0,1.025,0,7.0,2.0,63.0,0.0,0
ALO,13.0,Aston Martin,11.0,0.0,Finished,0.7835,32.80886,42.35236,18.20248,2025,3,Japanese Grand Prix,0,1.12,0.7835,0,7.0,2.0,91.0,0.0,0
ANT,6.0,Mercedes,6.0,8.0,Finished,0.9705,32.503299999999996,42.171580000000006,18.03924,2025,3,Japanese Grand Prix,0,1.0,0.9705,0,7.0,2.0,42.0,0.0,0
BEA,10.0,Haas F1 Team,10.0,1.0,Finished,1.213,32.70612,42.445,18.23668,2025,3,Japanese Grand Prix,0,1.0,1.213,0,7.0,2.0,70.0,0.0,0
BOR,17.0,Kick Sauber,19.0,0.0,Finished,1.828,33.044740000000004,42.572179999999996,18.21952,2025,3,Japanese Grand Prix,0,1.0,1.828,0,7.0,2.0,119.0,0.0,0
DOO,19.0,Alpine,15.0,0.0,Finished,1.2695,32.97922,42.56042,18.28378,2025,3,Japanese Grand Prix,0,1.0,1.2695,0,7.0,2.0,133.0,0.0,0
GAS,11.0,Alpine,13.0,0.0,Finished,0.7865,32.7545,42.46992,18.169,2025,3,Japanese Grand Prix,0,1.05,0.7865,0,7.0,2.0,77.0,0.0,0
HAD,7.0,Racing Bulls,8.0,4.0,Finished,1.0795,32.63644,42.27048,18.14086,2025,3,Japanese Grand Prix,0,1.0,1.0795,0,7.0,2.0,49.0,0.0,0
HAM,8.0,Ferrari,7.0,6.0,Finished,1.0495,32.641999999999996,42.20442,18.100340000000003,2025,3,Japanese Grand Prix,0,1.15,1.0495,0,7.0,2.0,56.0,0.0,0
HUL,16.0,Kick Sauber,16.0,0.0,Finished,1.2285,33.01482,42.66616,18.19652,2025,3,Japanese Grand Prix,0,0.95,1.2285,0,7.0,2.0,112.0,0.0,0
LAW,14.0,Racing Bulls,17.0,0.0,Finished,2.011,33.14156,42.53544,18.23426,2025,3,Japanese Grand Prix,0,1.0,2.011,0,7.0,2.0,98.0,0.0,0
LEC,4.0,Ferrari,4.0,12.0,Finished,0.165,32.60834,42.07986,18.0453,2025,3,Japanese Grand Prix,0,1.08,0.165,0,7.0,2.0,28.0,0.0,0
NOR,2.0,McLaren,2.0,18.0,Finished,0.0,32.36292,42.07576,18.0176,2025,3,Japanese Grand Prix,0,1.1,0.0,1,7.0,2.0,14.0,2.0,1
OCO,18.0,Haas F1 Team,18.0,0.0,Finished,1.9685,32.958040000000004,42.66222,18.27352,2025,3,Japanese Grand Prix,0,1.05,1.9685,0,7.0,2.0,126.0,0.0,0
PIA,3.0,McLaren,3.0,15.0,Finished,0.0205,32.38386,42.012640000000005,18.08822,2025,3,Japanese Grand Prix,0,1.05,0.0205,1,7.0,2.0,21.0,1.0,0
RUS,5.0,Mercedes,5.0,10.0,Finished,0.268,32.392739999999996,42.2538,18.1073,2025,3,Japanese Grand Prix,0,1.08,0.268,0,7.0,2.0,35.0,2.0,1
SAI,12.0,Williams,14.0,0.0,Finished,2.259,33.074,42.53014,18.1497,2025,3,Japanese Grand Prix,0,1.05,2.259,0,7.0,2.0,84.0,0.0,0
STR,20.0,Aston Martin,20.0,0.0,Lapped,1.874,33.139765957446805,42.44517021276596,18.2728085106383,2025,3,Japanese Grand Prix,0,1.02,1.874,0,7.0,2.0,140.0,0.0,0
TSU,15.0,Red Bull Racing,12.0,0.0,Finished,0.8545,32.90846,42.32798,18.1945,2025,3,Japanese Grand Prix,0,1.0,0.8545,0,7.0,2.0,105.0,0.0,0
VER,1.0,Red Bull Racing,1.0,25.0,Finished,0.1775,32.39308,42.048140000000004,18.01798,2025,3,Japanese Grand Prix,0,1.15,0.1775,1,7.0,2.0,7.0,1.0,0
ALB,15.0,Williams,12.0,0.0,Finished,1.1045,31.26374,43.130959999999995,24.261819999999997,2025,4,Bahrain Grand Prix,0,1.0,1.1045,0,2.0,2.0,30.0,0.0,0
ALO,13.0,Aston Martin,15.0,0.0,Finished,1.183,31.54102,43.09356,24.406100000000002,2025,4,Bahrain Grand Prix,0,1.12,1.183,0,2.0,2.0,26.0,0.0,0
ANT,4.0,Mercedes,11.0,0.0,Finished,0.9235,31.14770833333333,43.04004166666667,24.174895833333334,2025,4,Bahrain Grand Prix,0,1.0,0.9235,0,2.0,2.0,8.0,0.0,0
BEA,20.0,Haas F1 Team,10.0,1.0,Finished,1.133,31.29032,43.15258,24.25242,2025,4,Bahrain Grand Prix,0,1.0,1.133,0,2.0,2.0,40.0,0.0,0
BOR,18.0,Kick Sauber,18.0,0.0,Finished,1.7605,31.43562,43.3645,24.54128,2025,4,Bahrain Grand Prix,0,1.0,1.7605,0,2.0,2.0,36.0,0.0,0
DOO,11.0,Alpine,14.0,0.0,Finished,1.0705,31.476375,42.88070833333333,24.248208333333334,2025,4,Bahrain Grand Prix,0,1.0,1.0705,0,2.0,2.0,22.0,0.0,0
GAS,5.0,Alpine,7.0,6.0,Finished,0.689,31.43433333333333,42.5035625,24.16897916666667,2025,4,Bahrain Grand Prix,0,1.05,0.689,0,2.0,2.0,10.0,0.0,0
HAD,12.0,Racing Bulls,13.0,0.0,Finished,1.2265,31.416270833333332,43.14247916666667,24.24291666666667,2025,4,Bahrain Grand Prix,0,1.0,1.2265,0,2.0,2.0,24.0,0.0,0
HAM,9.0,Ferrari,5.0,10.0,Finished,0.3375,31.18614,42.681580000000004,24.12262,2025,4,Bahrain Grand Prix,0,1.15,0.3375,0,2.0,2.0,18.0,0.0,0
HUL,16.0,Kick Sauber,20.0,0.0,Disqualified,1.4725,31.393375000000002,43.111687499999995,24.3149375,2025,4,Bahrain Grand Prix,0,0.95,1.4725,0,2.0,2.0,32.0,0.0,0
LAW,17.0,Racing Bulls,16.0,0.0,Finished,1.5095,31.36506,43.14476,24.36254,2025,4,Bahrain Grand Prix,0,1.0,1.5095,0,2.0,2.0,34.0,0.0,0
LEC,3.0,Ferrari,4.0,12.0,Finished,0.164,31.25318,42.381499999999996,24.04392,2025,4,Bahrain Grand Prix,0,1.08,0.164,0,2.0,2.0,6.0,0.0,0
NOR,6.0,McLaren,3.0,15.0,Finished,0.269,31.18752,42.36992,24.010839999999998,2025,4,Bahrain Grand Prix,0,1.1,0.269,1,2.0,2.0,12.0,3.0,1
OCO,14.0,Haas F1 Team,8.0,4.0,Finished,0.8055,31.268833333333333,42.81433333333334,24.21502083333333,2025,4,Bahrain Grand Prix,0,1.05,0.8055,0,2.0,2.0,28.0,0.0,0
PIA,1.0,McLaren,1.0,25.0,Finished,0.0,31.077399999999997,42.2856,23.817420000000002,2025,4,Bahrain Grand Prix,0,1.05,0.0,1,2.0,2.0,2.0,2.0,1
RUS,2.0,Mercedes,2.0,18.0,Finished,0.582,31.279333333333334,42.78926666666666,24.012533333333334,2025,4,Bahrain Grand Prix,0,1.08,0.582,1,2.0,2.0,4.0,2.0,1
SAI,8.0,Williams,20.0,0.0,Retired,1.4125,31.472416666666668,43.32077777777778,24.352666666666668,2025,4,Bahrain Grand Prix,0,1.05,1.4125,0,2.0,2.0,16.0,0.0,0
STR,19.0,Aston Martin,17.0,0.0,Finished,1.62,31.461399999999998,43.327259999999995,24.452939999999998,2025,4,Bahrain Grand Prix,0,1.02,1.62,0,2.0,2.0,38.0,0.0,0
TSU,10.0,Red Bull Racing,9.0,2.0,Finished,1.039,31.24126,43.04236,24.313299999999998,2025,4,Bahrain Grand Prix,0,1.0,1.039,0,2.0,2.0,20.0,0.0,0
VER,7.0,Red Bull Racing,6.0,8.0,Finished,0.689,31.157291666666666,42.67879166666666,24.247291666666666,2025,4,Bahrain Grand Prix,0,1.15,0.689,0,2.0,2.0,14.0,2.0,1
ALB,11.0,Williams,9.0,2.0,Finished,1.293,35.287644444444446,29.583577777777776,29.695377777777775,2025,5,Saudi Arabian Grand Prix,0,1.0,1.293,0,4.0,1.0,44.0,0.0,0
ALO,13.0,Aston Martin,11.0,0.0,Finished,1.738,35.08493333333333,29.645799999999998,30.0536,2025,5,Saudi Arabian Grand Prix,0,1.12,1.738,0,4.0,1.0,52.0,0.0,0
ANT,5.0,Mercedes,6.0,8.0,Finished,0.854,34.74128888888889,29.433577777777778,29.73497777777778,2025,5,Saudi Arabian Grand Prix,0,1.0,0.854,0,4.0,1.0,20.0,0.0,0
BEA,15.0,Haas F1 Team,13.0,0.0,Finished,1.797,35.211933333333334,29.817044444444445,29.788911111111112,2025,5,Saudi Arabian Grand Prix,0,1.0,1.797,0,4.0,1.0,60.0,0.0,0
BOR,20.0,Kick Sauber,18.0,0.0,Lapped,3.05,35.63097826086957,30.14428260869565,30.227782608695655,2025,5,Saudi Arabian Grand Prix,0,1.0,3.05,0,4.0,1.0,80.0,0.0,0
DOO,17.0,Alpine,17.0,0.0,Lapped,2.886,35.56486363636364,29.967022727272727,30.041772727272726,2025,5,Saudi Arabian Grand Prix,0,1.0,2.886,0,4.0,1.0,68.0,0.0,0
GAS,9.0,Alpine,20.0,0.0,Retired,,,,,2025,5,Saudi Arabian Grand Prix,0,1.05,,0,4.0,1.0,36.0,0.0,0
HAD,14.0,Racing Bulls,10.0,1.0,Finished,1.683,35.183933333333336,29.577755555555555,29.89475555555555,2025,5,Saudi Arabian Grand Prix,0,1.0,1.683,0,4.0,1.0,56.0,0.0,0
HAM,7.0,Ferrari,7.0,6.0,Finished,0.872,34.675066666666666,29.482688888888887,29.862866666666665,2025,5,Saudi Arabian Grand Prix,0,1.15,0.872,0,4.0,1.0,28.0,0.0,0
HUL,18.0,Kick Sauber,15.0,0.0,Lapped,2.5665,35.487795454545456,29.896431818181817,29.961227272727275,2025,5,Saudi Arabian Grand Prix,0,0.95,2.5665,0,4.0,1.0,72.0,0.0,0
LAW,12.0,Racing Bulls,12.0,0.0,Finished,1.787,35.11313333333333,29.699888888888886,29.817711111111112,2025,5,Saudi Arabian Grand Prix,0,1.0,1.787,0,4.0,1.0,48.0,0.0,0
LEC,4.0,Ferrari,3.0,15.0,Finished,0.547,34.33422222222222,29.4342,29.650244444444443,2025,5,Saudi Arabian Grand Prix,0,1.08,0.547,1,4.0,1.0,16.0,0.0,0
NOR,10.0,McLaren,4.0,12.0,Finished,0.404,34.4194,29.38168888888889,29.62751111111111,2025,5,Saudi Arabian Grand Prix,0,1.1,0.404,0,4.0,1.0,40.0,3.0,1
OCO,19.0,Haas F1 Team,14.0,0.0,Finished,2.664,35.58014893617021,30.05068085106383,30.051297872340427,2025,5,Saudi Arabian Grand Prix,0,1.05,2.664,0,4.0,1.0,76.0,0.0,0
PIA,2.0,McLaren,1.0,25.0,Finished,0.0,34.34031111111111,29.28344444444445,29.608355555555555,2025,5,Saudi Arabian Grand Prix,0,1.05,0.0,1,4.0,1.0,8.0,3.0,1
RUS,3.0,Mercedes,5.0,10.0,Finished,0.919,34.71368888888889,29.34753333333333,29.772155555555557,2025,5,Saudi Arabian Grand Prix,0,1.08,0.919,0,4.0,1.0,12.0,2.0,1
SAI,6.0,Williams,8.0,4.0,Finished,1.517,35.142199999999995,29.599466666666665,29.755777777777777,2025,5,Saudi Arabian Grand Prix,0,1.05,1.517,0,4.0,1.0,24.0,0.0,0
STR,16.0,Aston Martin,16.0,0.0,Lapped,2.637,35.29295454545455,29.830454545454543,30.19484090909091,2025,5,Saudi Arabian Grand Prix,0,1.02,2.637,0,4.0,1.0,64.0,0.0,0
TSU,8.0,Red Bull Racing,20.0,0.0,Retired,,,,,2025,5,Saudi Arabian Grand Prix,0,1.0,,0,4.0,1.0,32.0,0.0,0
VER,1.0,Red Bull Racing,2.0,18.0,Finished,0.082,34.147600000000004,29.36953333333333,29.673933333333334,2025,5,Saudi Arabian Grand Prix,0,1.15,0.082,1,4.0,1.0,4.0,1.0,0
ALB,7.0,Williams,5.0,10.0,Finished,0.2865,31.125857142857143,34.92902040816326,25.76857142857143,2025,6,Miami Grand Prix,1,1.0,0.2865,0,5.0,2.0,35.0,0.0,0
ALO,17.0,Aston Martin,15.0,0.0,Lapped,1.9055,31.28448979591837,35.67238775510204,26.045795918367347,2025,6,Miami Grand Prix,1,1.12,1.7013392857142855,0,5.0,2.0,85.0,0.0,0
ANT,3.0,Mercedes,6.0,8.0,Finished,0.6485,30.90842857142857,35.08622448979592,25.95059183673469,2025,6,Miami Grand Prix,1,1.0,0.6485,0,5.0,2.0,15.0,0.0,0
BEA,20.0,Haas F1 Team,20.0,0.0,Retired,2.532,31.808291666666666,35.636916666666664,26.11691666666667,2025,6,Miami Grand Prix,1,1.0,2.532,0,5.0,2.0,100.0,0.0,0
BOR,13.0,Kick Sauber,20.0,0.0,Retired,2.3045,31.892521739130437,35.866956521739134,26.544652173913047,2025,6,Miami Grand Prix,1,1.0,2.3045,0,5.0,2.0,65.0,0.0,0
DOO,14.0,Alpine,20.0,0.0,Retired,,,,,2025,6,Miami Grand Prix,1,1.0,,0,5.0,2.0,70.0,0.0,0
GAS,18.0,Alpine,13.0,0.0,Finished,1.7075,31.19864,35.35152,26.03232,2025,6,Miami Grand Prix,1,1.05,1.6261904761904762,0,5.0,2.0,90.0,0.0,0
HAD,11.0,Racing Bulls,11.0,0.0,Finished,0.581,31.018833333333333,35.09202083333333,26.038687499999998,2025,6,Miami Grand Prix,1,1.0,0.581,0,5.0,2.0,55.0,0.0,0
HAM,12.0,Ferrari,8.0,4.0,Finished,0.8815,30.980176470588237,35.20088235294117,25.8561568627451,2025,6,Miami Grand Prix,1,1.15,0.7665217391304348,0,5.0,2.0,60.0,0.0,0
HUL,16.0,Kick Sauber,14.0,0.0,Lapped,1.8045,31.13787234042553,35.36040425531915,26.02876595744681,2025,6,Miami Grand Prix,1,0.95,1.8994736842105264,0,5.0,2.0,80.0,0.0,0
LAW,15.0,Racing Bulls,20.0,0.0,Retired,3.2675,32.0175,35.871428571428574,26.223035714285714,2025,6,Miami Grand Prix,1,1.0,3.2675,0,5.0,2.0,75.0,0.0,0
LEC,8.0,Ferrari,7.0,6.0,Finished,1.2135,31.022196078431374,35.113,25.85850980392157,2025,6,Miami Grand Prix,1,1.08,1.1236111111111111,0,5.0,2.0,40.0,1.0,0
NOR,2.0,McLaren,2.0,18.0,Finished,0.0545,30.57848,34.83954,25.7848,2025,6,Miami Grand Prix,1,1.1,0.04954545454545454,1,5.0,2.0,10.0,2.0,1
OCO,9.0,Haas F1 Team,12.0,0.0,Finished,0.7655,31.115958333333335,35.28639583333334,25.915458333333333,2025,6,Miami Grand Prix,1,1.05,0.7290476190476189,0,5.0,2.0,45.0,0.0,0
PIA,4.0,McLaren,1.0,25.0,Finished,0.0,30.53278,34.80854,25.77162,2025,6,Miami Grand Prix,1,1.05,0.0,1,5.0,2.0,20.0,3.0,1
RUS,5.0,Mercedes,3.0,15.0,Finished,0.1315,30.771098039215687,35.11056862745098,25.907411764705884,2025,6,Miami Grand Prix,1,1.08,0.12175925925925926,1,5.0,2.0,25.0,1.0,0
SAI,6.0,Williams,9.0,2.0,Finished,0.4815,31.274612244897956,34.967285714285715,25.7405306122449,2025,6,Miami Grand Prix,1,1.05,0.4585714285714285,0,5.0,2.0,30.0,0.0,0
STR,19.0,Aston Martin,16.0,0.0,Lapped,1.6105,31.426765957446808,35.569148936170215,25.951404255319147,2025,6,Miami Grand Prix,1,1.02,1.578921568627451,0,5.0,2.0,95.0,0.0,0
TSU,10.0,Red Bull Racing,10.0,1.0,Finished,0.4805,30.899510204081633,35.22069387755102,26.01261224489796,2025,6,Miami Grand Prix,1,1.0,0.4805,0,5.0,2.0,50.0,0.0,0
VER,1.0,Red Bull Racing,4.0,12.0,Finished,0.2945,30.745166666666666,35.00308333333333,26.003041666666665,2025,6,Miami Grand Prix,1,1.15,0.25608695652173913,0,5.0,2.0,5.0,2.0,1
ALB,7.0,Williams,5.0,10.0,Finished,0.875,25.645686274509806,28.34586274509804,27.249960784313725,2025,7,Emilia Romagna Grand Prix,0,1.0,0.875,0,8.0,2.0,56.0,0.0,0
ALO,5.0,Aston Martin,11.0,0.0,Finished,1.218,25.881229166666667,28.6155,27.385916666666663,2025,7,Emilia Romagna Grand Prix,0,1.12,1.218,0,8.0,2.0,40.0,0.0,0
ANT,13.0,Mercedes,20.0,0.0,Retired,1.356,25.9035,28.675675000000002,27.342475,2025,7,Emilia Romagna Grand Prix,0,1.0,1.356,0,8.0,2.0,104.0,0.0,0
BEA,19.0,Haas F1 Team,17.0,0.0,Finished,1.239,25.771897959183676,28.524897959183676,27.33410204081633,2025,7,Emilia Romagna Grand Prix,0,1.0,1.239,0,8.0,2.0,152.0,0.0,0
BOR,14.0,Kick Sauber,18.0,0.0,Finished,1.146,25.822489795918365,28.58748979591837,27.45608163265306,2025,7,Emilia Romagna Grand Prix,0,1.0,1.146,0,8.0,2.0,112.0,0.0,0
COL,15.0,Alpine,16.0,0.0,Finished,1.3705,25.816208333333336,28.737354166666666,27.4814375,2025,7,Emilia Romagna Grand Prix,0,1.0,1.3705,0,8.0,2.0,120.0,0.0,0
GAS,10.0,Alpine,13.0,0.0,Finished,0.844,25.816142857142857,28.582673469387753,27.311204081632653,2025,7,Emilia Romagna Grand Prix,0,1.05,0.844,0,8.0,2.0,80.0,0.0,0
HAD,9.0,Racing Bulls,9.0,2.0,Finished,1.008,25.72356862745098,28.436764705882354,27.381176470588237,2025,7,Emilia Romagna Grand Prix,0,1.0,1.008,0,8.0,2.0,72.0,0.0,0
HAM,12.0,Ferrari,4.0,12.0,Finished,0.858,25.669960784313723,28.417764705882355,27.138980392156864,2025,7,Emilia Romagna Grand Prix,0,1.15,0.858,0,8.0,2.0,96.0,0.0,0
HUL,17.0,Kick Sauber,12.0,0.0,Finished,1.5375,25.94732,28.696080000000002,27.3778,2025,7,Emilia Romagna Grand Prix,0,0.95,1.5375,0,8.0,2.0,136.0,0.0,0
LAW,16.0,Racing Bulls,14.0,0.0,Finished,1.237,25.8975306122449,28.508938775510206,27.341591836734693,2025,7,Emilia Romagna Grand Prix,0,1.0,1.237,0,8.0,2.0,128.0,0.0,0
LEC,11.0,Ferrari,6.0,8.0,Finished,0.085,25.52989795918367,28.327877551020407,27.013673469387758,2025,7,Emilia Romagna Grand Prix,0,1.08,0.085,0,8.0,2.0,88.0,1.0,0
NOR,4.0,McLaren,2.0,18.0,Finished,0.091,25.52622,28.02442,26.938299999999998,2025,7,Emilia Romagna Grand Prix,0,1.1,0.091,1,8.0,2.0,32.0,2.0,1
OCO,18.0,Haas F1 Team,20.0,0.0,Retired,1.692,26.20496,28.698719999999998,27.55036,2025,7,Emilia Romagna Grand Prix,0,1.05,1.692,0,8.0,2.0,144.0,0.0,0
PIA,1.0,McLaren,3.0,15.0,Finished,0.0,25.520448979591837,28.041510204081636,26.9815306122449,2025,7,Emilia Romagna Grand Prix,0,1.05,0.0,1,8.0,2.0,8.0,3.0,1
RUS,3.0,Mercedes,7.0,6.0,Finished,0.645,25.69977551020408,28.375,27.115591836734694,2025,7,Emilia Romagna Grand Prix,0,1.08,0.645,0,8.0,2.0,24.0,2.0,1
SAI,6.0,Williams,8.0,4.0,Finished,0.69,25.625448979591834,28.441959183673468,27.26483673469388,2025,7,Emilia Romagna Grand Prix,0,1.05,0.69,0,8.0,2.0,48.0,0.0,0
STR,8.0,Aston Martin,15.0,0.0,Finished,1.3435,25.88672916666667,28.629229166666665,27.498854166666664,2025,7,Emilia Romagna Grand Prix,0,1.02,1.3435,0,8.0,2.0,64.0,0.0,0
TSU,20.0,Red Bull Racing,10.0,1.0,Finished,1.52,26.031823529411767,28.526294117647062,27.35970588235294,2025,7,Emilia Romagna Grand Prix,0,1.0,1.52,0,8.0,2.0,160.0,0.0,0
VER,2.0,Red Bull Racing,1.0,25.0,Finished,0.237,25.52823529411765,27.92321568627451,26.853725490196076,2025,7,Emilia Romagna Grand Prix,0,1.15,0.237,1,8.0,2.0,16.0,1.0,0
ALB,10.0,Williams,9.0,2.0,Lapped,1.988,20.40966176470588,36.764,20.60494117647059,2025,8,Monaco Grand Prix,0,1.0,1.988,0,10.0,3.0,100.0,0.0,0
ALO,7.0,Aston Martin,20.0,0.0,Retired,2.1345,20.3752,36.76396666666667,20.47286666666667,2025,8,Monaco Grand Prix,0,1.12,2.1345,0,10.0,3.0,70.0,0.0,0
ANT,15.0,Mercedes,18.0,0.0,Lapped,3.8135,20.643179104477614,37.291,20.969283582089552,2025,8,Monaco Grand Prix,0,1.0,3.8135,0,10.0,3.0,150.0,0.0,0
BEA,17.0,Haas F1 Team,12.0,0.0,Lapped,3.225,20.3605,36.848057142857144,20.92282857142857,2025,8,Monaco Grand Prix,0,1.0,3.225,0,10.0,3.0,170.0,0.0,0
BOR,16.0,Kick Sauber,14.0,0.0,Lapped,3.0135,20.308500000000002,36.86733823529412,20.82045588235294,2025,8,Monaco Grand Prix,0,1.0,3.0135,0,10.0,3.0,160.0,0.0,0
COL,20.0,Alpine,13.0,0.0,Lapped,3.28,20.380352941176472,37.08764705882353,20.860073529411764,2025,8,Monaco Grand Prix,0,1.0,3.28,0,10.0,3.0,200.0,0.0,0
GAS,18.0,Alpine,20.0,0.0,Retired,3.7115,20.84166666666667,37.00266666666666,20.882333333333335,2025,8,Monaco Grand Prix,0,1.05,3.7115,0,10.0,3.0,180.0,0.0,0
HAD,6.0,Racing Bulls,6.0,8.0,Lapped,2.1155,20.266376811594206,36.793956521739126,20.46531884057971,2025,8,Monaco Grand Prix,0,1.0,2.1155,0,10.0,3.0,60.0,0.0,0
HAM,4.0,Ferrari,5.0,10.0,Finished,0.606,19.964100000000002,36.081185714285716,20.176242857142856,2025,8,Monaco Grand Prix,0,1.15,0.606,0,10.0,3.0,40.0,0.0,0
HUL,13.0,Kick Sauber,16.0,0.0,Lapped,3.499,20.57094117647059,37.16129411764706,20.88064705882353,2025,8,Monaco Grand Prix,0,0.95,3.499,0,10.0,3.0,130.0,0.0,0
LAW,9.0,Racing Bulls,8.0,4.0,Lapped,1.7495,20.202840579710145,36.68859420289855,20.61317391304348,2025,8,Monaco Grand Prix,0,1.0,1.7495,0,10.0,3.0,90.0,0.0,0
LEC,2.0,Ferrari,2.0,18.0,Finished,0.2145,19.66097142857143,35.93687142857143,20.060485714285715,2025,8,Monaco Grand Prix,0,1.08,0.2145,1,10.0,3.0,20.0,1.0,0
NOR,1.0,McLaren,1.0,25.0,Finished,0.117,19.748771428571427,35.86212857142857,20.04442857142857,2025,8,Monaco Grand Prix,0,1.1,0.117,1,10.0,3.0,10.0,2.0,1
OCO,8.0,Haas F1 Team,7.0,6.0,Lapped,2.1885,20.393826086956523,36.55423188405798,20.541333333333334,2025,8,Monaco Grand Prix,0,1.05,2.1885,0,10.0,3.0,80.0,0.0,0
PIA,3.0,McLaren,3.0,15.0,Finished,0.0,19.80525714285714,35.770514285714285,20.064500000000002,2025,8,Monaco Grand Prix,0,1.05,0.0,1,10.0,3.0,30.0,3.0,1
RUS,14.0,Mercedes,11.0,0.0,Lapped,3.5365,20.512,36.747424242424245,20.72598484848485,2025,8,Monaco Grand Prix,0,1.08,3.5365,0,10.0,3.0,140.0,1.0,0
SAI,11.0,Williams,10.0,1.0,Lapped,2.5055,20.31960294117647,36.853632352941176,20.707279411764706,2025,8,Monaco Grand Prix,0,1.05,2.5055,0,10.0,3.0,110.0,0.0,0
STR,19.0,Aston Martin,15.0,0.0,Lapped,3.507,20.49591176470588,37.15160294117647,20.85541176470588,2025,8,Monaco Grand Prix,0,1.02,3.507,0,10.0,3.0,190.0,0.0,0
TSU,12.0,Red Bull Racing,17.0,0.0,Lapped,3.735,20.555057142857144,37.23654285714286,20.9699,2025,8,Monaco Grand Prix,0,1.0,3.735,0,10.0,3.0,120.0,0.0,0
VER,5.0,Red Bull Racing,4.0,12.0,Finished,0.1775,19.8331,35.990871428571424,20.028142857142857,2025,8,Monaco Grand Prix,0,1.15,0.1775,0,10.0,3.0,50.0,2.0,1
ALB,11.0,Williams,20.0,0.0,Retired,2.1215,24.14786363636364,33.31586363636364,24.661409090909093,2025,9,Spanish Grand Prix,0,1.0,2.1215,0,7.0,3.0,77.0,0.0,0
ALO,10.0,Aston Martin,9.0,2.0,Finished,1.7625,23.852277777777775,33.06361111111111,24.55448148148148,2025,9,Spanish Grand Prix,0,1.12,1.7625,0,7.0,3.0,70.0,0.0,0
ANT,6.0,Mercedes,20.0,0.0,Retired,1.069,23.953833333333336,32.71475,24.4066875,2025,9,Spanish Grand Prix,0,1.0,1.069,0,7.0,3.0,42.0,0.0,0
BEA,15.0,Haas F1 Team,17.0,0.0,Finished,1.991,24.039685185185185,33.059555555555555,24.515166666666666,2025,9,Spanish Grand Prix,0,1.0,1.991,0,7.0,3.0,105.0,0.0,0
BOR,12.0,Kick Sauber,12.0,0.0,Finished,1.7035,23.95674074074074,33.04888888888889,24.74735185185185,2025,9,Spanish Grand Prix,0,1.0,1.7035,0,7.0,3.0,84.0,0.0,0
COL,19.0,Alpine,15.0,0.0,Finished,2.6105,24.15101851851852,33.197907407407406,24.773574074074073,2025,9,Spanish Grand Prix,0,1.0,2.6105,0,7.0,3.0,133.0,0.0,0
GAS,8.0,Alpine,8.0,4.0,Finished,1.8325,24.008333333333333,32.92546296296296,24.505537037037037,2025,9,Spanish Grand Prix,0,1.05,1.8325,0,7.0,3.0,56.0,0.0,0
HAD,9.0,Racing Bulls,7.0,6.0,Finished,1.188,23.94211111111111,32.64851851851852,24.460462962962964,2025,9,Spanish Grand Prix,0,1.0,1.188,0,7.0,3.0,63.0,0.0,0
HAM,5.0,Ferrari,6.0,8.0,Finished,0.705,23.770745454545455,32.377509090909086,24.288527272727272,2025,9,Spanish Grand Prix,0,1.15,0.705,0,7.0,3.0,35.0,0.0,0
HUL,16.0,Kick Sauber,5.0,10.0,Finished,1.6915,23.85561111111111,32.863425925925924,24.511370370370372,2025,9,Spanish Grand Prix,0,0.95,1.6915,0,7.0,3.0,112.0,0.0,0
LAW,13.0,Racing Bulls,11.0,0.0,Finished,1.63,24.09251851851852,32.914907407407405,24.520814814814816,2025,9,Spanish Grand Prix,0,1.0,1.63,0,7.0,3.0,91.0,0.0,0
LEC,7.0,Ferrari,3.0,15.0,Finished,0.221,23.701090909090908,32.24038181818182,24.210072727272728,2025,9,Spanish Grand Prix,0,1.08,0.221,1,7.0,3.0,49.0,1.0,0
NOR,2.0,McLaren,2.0,18.0,Finished,0.149,23.589636363636366,32.16961818181818,24.022036363636364,2025,9,Spanish Grand Prix,0,1.1,0.149,1,7.0,3.0,14.0,3.0,1
OCO,17.0,Haas F1 Team,16.0,0.0,Finished,1.7685,24.054962962962964,33.020185185185184,24.6767037037037,2025,9,Spanish Grand Prix,0,1.05,1.7685,0,7.0,3.0,119.0,0.0,0
PIA,1.0,McLaren,1.0,25.0,Finished,0.145,23.62712727272727,32.08183636363636,24.01189090909091,2025,9,Spanish Grand Prix,0,1.05,0.145,1,7.0,3.0,7.0,3.0,1
RUS,4.0,Mercedes,4.0,12.0,Finished,0.587,23.660545454545453,32.48612727272727,24.179309090909094,2025,9,Spanish Grand Prix,0,1.08,0.587,0,7.0,3.0,28.0,1.0,0
SAI,18.0,Williams,14.0,0.0,Finished,1.6845,24.0345,33.02077777777778,24.393925925925924,2025,9,Spanish Grand Prix,0,1.05,1.6845,0,7.0,3.0,126.0,0.0,0
TSU,20.0,Red Bull Racing,13.0,0.0,Finished,1.397,23.848980769230767,32.84282692307692,24.487288461538462,2025,9,Spanish Grand Prix,0,1.0,1.397,0,7.0,3.0,140.0,0.0,0
VER,3.0,Red Bull Racing,10.0,1.0,Finished,0.0,23.505471698113208,32.2008679245283,23.948490566037737,2025,9,Spanish Grand Prix,0,1.15,0.0,0,7.0,3.0,21.0,1.0,0
ALB,10.0,Williams,20.0,0.0,Retired,2.015,21.862651162790698,24.59848837209302,31.110232558139536,2025,10,Canadian Grand Prix,1,1.0,2.015,0,5.0,1.0,50.0,0.0,0
ALO,6.0,Aston Martin,7.0,6.0,Finished,1.269,21.449583333333333,24.265800000000002,30.879483333333333,2025,10,Canadian Grand Prix,1,1.12,1.1330357142857141,0,5.0,1.0,30.0,0.0,0
ANT,4.0,Mercedes,3.0,15.0,Finished,0.176,21.142901639344263,23.972147540983606,30.45532786885246,2025,10,Canadian Grand Prix,1,1.0,0.176,1,5.0,1.0,20.0,0.0,0
BEA,14.0,Haas F1 Team,11.0,0.0,Lapped,1.803,21.86059677419355,24.428790322580646,30.910145161290323,2025,10,Canadian Grand Prix,1,1.0,1.803,0,5.0,1.0,70.0,0.0,0
BOR,16.0,Kick Sauber,14.0,0.0,Lapped,2.2595,21.87958064516129,24.56206451612903,30.933806451612902,2025,10,Canadian Grand Prix,1,1.0,2.2595,0,5.0,1.0,80.0,0.0,0
COL,12.0,Alpine,13.0,0.0,Lapped,2.081,21.723129032258065,24.407290322580643,31.219483870967743,2025,10,Canadian Grand Prix,1,1.0,2.081,0,5.0,1.0,60.0,0.0,0
GAS,20.0,Alpine,15.0,0.0,Lapped,2.3855,21.790387096774193,24.517112903225804,31.05308064516129,2025,10,Canadian Grand Prix,1,1.05,2.2719047619047616,0,5.0,1.0,100.0,0.0,0
HAD,9.0,Racing Bulls,16.0,0.0,Lapped,2.045,21.94767741935484,24.507370967741938,30.93308064516129,2025,10,Canadian Grand Prix,1,1.0,2.045,0,5.0,1.0,45.0,0.0,0
HAM,5.0,Ferrari,6.0,8.0,Finished,0.903,21.324633333333335,24.065083333333334,30.786183333333334,2025,10,Canadian Grand Prix,1,1.15,0.7852173913043479,0,5.0,1.0,25.0,0.0,0
HUL,13.0,Kick Sauber,8.0,4.0,Finished,1.763,21.603290322580644,24.386741935483872,30.891516129032258,2025,10,Canadian Grand Prix,1,0.95,1.8557894736842104,0,5.0,1.0,65.0,0.0,0
LAW,19.0,Racing Bulls,20.0,0.0,Retired,2.4095,21.831480000000003,24.74248,31.1903,2025,10,Canadian Grand Prix,1,1.0,2.4095,0,5.0,1.0,95.0,0.0,0
LEC,8.0,Ferrari,5.0,10.0,Finished,0.378,21.246475409836066,24.060918032786883,30.551901639344262,2025,10,Canadian Grand Prix,1,1.08,0.35,0,5.0,1.0,40.0,2.0,1
NOR,7.0,McLaren,18.0,0.0,Retired,0.0,21.16593442622951,24.030918032786886,30.405639344262294,2025,10,Canadian Grand Prix,1,1.1,0.0,0,5.0,1.0,35.0,3.0,1
OCO,15.0,Haas F1 Team,9.0,2.0,Lapped,1.941,21.69309677419355,24.410290322580646,30.941112903225804,2025,10,Canadian Grand Prix,1,1.05,1.8485714285714285,0,5.0,1.0,75.0,0.0,0
PIA,3.0,McLaren,4.0,12.0,Finished,0.273,21.181327868852456,23.982491803278688,30.437409836065573,2025,10,Canadian Grand Prix,1,1.05,0.26,0,5.0,1.0,15.0,3.0,1
RUS,1.0,Mercedes,1.0,25.0,Finished,0.273,21.140147540983605,23.937967213114753,30.45101639344262,2025,10,Canadian Grand Prix,1,1.08,0.25277777777777777,1,5.0,1.0,5.0,0.0,0
SAI,17.0,Williams,10.0,1.0,Lapped,1.958,21.666064516129033,24.46333870967742,30.961709677419353,2025,10,Canadian Grand Prix,1,1.05,1.8647619047619046,0,5.0,1.0,85.0,0.0,0
STR,18.0,Aston Martin,17.0,0.0,Lapped,1.794,21.710766666666665,24.356183333333334,30.892116666666666,2025,10,Canadian Grand Prix,1,1.02,1.7588235294117647,0,5.0,1.0,90.0,0.0,0
TSU,11.0,Red Bull Racing,12.0,0.0,Lapped,2.0625,21.776612903225807,24.42190322580645,31.12490322580645,2025,10,Canadian Grand Prix,1,1.0,2.0625,0,5.0,1.0,55.0,0.0,0
VER,2.0,Red Bull Racing,2.0,18.0,Finished,0.418,21.145967213114755,23.946639344262294,30.45467213114754,2025,10,Canadian Grand Prix,1,1.15,0.36347826086956525,1,5.0,1.0,10.0,1.0,0
ALB,12.0,Williams,20.0,0.0,Retired,1.644,17.596666666666668,31.706777777777777,21.894,2025,11,Austrian Grand Prix,0,1.0,1.644,0,5.0,2.0,60.0,0.0,0
ALO,11.0,Aston Martin,7.0,6.0,Lapped,1.431,17.549390625,31.79953125,21.669093750000002,2025,11,Austrian Grand Prix,0,1.12,1.431,0,5.0,2.0,55.0,0.0,0
ANT,9.0,Mercedes,20.0,0.0,Retired,,,,,2025,11,Austrian Grand Prix,0,1.0,,0,5.0,2.0,45.0,1.0,0
BEA,15.0,Haas F1 Team,11.0,0.0,Lapped,1.667,17.669354838709676,31.718951612903226,21.688080645161293,2025,11,Austrian Grand Prix,0,1.0,1.667,0,5.0,2.0,75.0,0.0,0
BOR,8.0,Kick Sauber,8.0,4.0,Lapped,1.266,17.71193548387097,31.520145161290323,21.453516129032256,2025,11,Austrian Grand Prix,0,1.0,1.266,0,5.0,2.0,40.0,0.0,0
COL,14.0,Alpine,15.0,0.0,Lapped,1.521,17.755129032258065,31.839096774193546,21.6245,2025,11,Austrian Grand Prix,0,1.0,1.521,0,5.0,2.0,70.0,0.0,0
GAS,10.0,Alpine,13.0,0.0,Lapped,1.596,17.710548387096775,31.640548387096775,21.824451612903225,2025,11,Austrian Grand Prix,0,1.05,1.596,0,5.0,2.0,50.0,0.0,0
HAD,13.0,Racing Bulls,12.0,0.0,Lapped,1.787,17.687046875,31.946953125,21.758796875,2025,11,Austrian Grand Prix,0,1.0,1.787,0,5.0,2.0,65.0,0.0,0
HAM,4.0,Ferrari,4.0,12.0,Finished,0.587,17.556714285714285,31.229952380952383,21.335587301587303,2025,11,Austrian Grand Prix,0,1.15,0.587,0,5.0,2.0,20.0,0.0,0
HUL,20.0,Kick Sauber,9.0,2.0,Lapped,1.2805,17.66114516129032,31.594774193548385,21.524967741935484,2025,11,Austrian Grand Prix,0,0.95,1.2805,0,5.0,2.0,100.0,0.0,0
LAW,6.0,Racing Bulls,6.0,8.0,Finished,1.188,17.736046153846154,31.63686153846154,21.569184615384618,2025,11,Austrian Grand Prix,0,1.0,1.188,0,5.0,2.0,30.0,0.0,0
LEC,2.0,Ferrari,3.0,15.0,Finished,0.26,17.562968253968254,31.13868253968254,21.243507936507935,2025,11,Austrian Grand Prix,0,1.08,0.26,1,5.0,2.0,10.0,2.0,1
NOR,1.0,McLaren,1.0,25.0,Finished,0.122,17.531761904761904,31.04804761904762,21.094952380952382,2025,11,Austrian Grand Prix,0,1.1,0.122,1,5.0,2.0,5.0,2.0,1
OCO,17.0,Haas F1 Team,10.0,1.0,Lapped,1.255,17.60566129032258,31.557370967741935,21.627790322580644,2025,11,Austrian Grand Prix,0,1.05,1.255,0,5.0,2.0,85.0,0.0,0
PIA,3.0,McLaren,2.0,18.0,Finished,0.0,17.45547619047619,31.152238095238094,21.09284126984127,2025,11,Austrian Grand Prix,0,1.05,0.0,1,5.0,2.0,15.0,2.0,1
RUS,5.0,Mercedes,5.0,10.0,Finished,1.055,17.624984126984128,31.5525873015873,21.42126984126984,2025,11,Austrian Grand Prix,0,1.08,1.055,0,5.0,2.0,25.0,1.0,0
SAI,19.0,Williams,20.0,0.0,Did not start,,,,,2025,11,Austrian Grand Prix,0,1.05,,0,5.0,2.0,95.0,0.0,0
STR,16.0,Aston Martin,14.0,0.0,Lapped,1.552,17.65872580645161,31.751451612903224,21.725354838709677,2025,11,Austrian Grand Prix,0,1.02,1.552,0,5.0,2.0,80.0,0.0,0
TSU,18.0,Red Bull Racing,16.0,0.0,Lapped,1.321,17.62750847457627,31.70415254237288,21.76057627118644,2025,11,Austrian Grand Prix,0,1.0,1.321,0,5.0,2.0,90.0,0.0,0
VER,7.0,Red Bull Racing,20.0,0.0,Retired,,,,,2025,11,Austrian Grand Prix,0,1.15,,0,5.0,2.0,35.0,1.0,0
ALB,14.0,Williams,8.0,4.0,Finished,2.927,31.83218181818182,41.939181818181815,27.71230303030303,2025,12,British Grand Prix,1,1.0,2.927,0,4.0,2.0,56.0,0.0,0
ALO,9.0,Aston Martin,9.0,2.0,Finished,2.509,31.71409375,41.662,27.4145625,2025,12,British Grand Prix,1,1.12,2.240178571428571,0,4.0,2.0,36.0,0.0,0
ANT,7.0,Mercedes,20.0,0.0,Retired,6.588,34.1925,44.347500000000004,30.591250000000002,2025,12,British Grand Prix,1,1.0,6.588,0,4.0,2.0,28.0,1.0,0
BEA,8.0,Haas F1 Team,11.0,0.0,Finished,2.021,31.914212121212124,41.530818181818184,27.900606060606062,2025,12,British Grand Prix,1,1.0,2.021,0,4.0,2.0,32.0,0.0,0
BOR,17.0,Kick Sauber,20.0,0.0,Retired,,,,,2025,12,British Grand Prix,1,1.0,,0,4.0,2.0,68.0,0.0,0
COL,20.0,Alpine,20.0,0.0,Did not start,,,,,2025,12,British Grand Prix,1,1.0,,0,4.0,2.0,80.0,0.0,0
GAS,10.0,Alpine,6.0,8.0,Finished,1.9295,31.8469375,41.5535,27.51753125,2025,12,British Grand Prix,1,1.05,1.8376190476190475,0,4.0,2.0,40.0,0.0,0
HAD,13.0,Racing Bulls,20.0,0.0,Retired,4.913,34.38575,41.03425,31.416249999999998,2025,12,British Grand Prix,1,1.0,4.913,0,4.0,2.0,52.0,0.0,0
HAM,5.0,Ferrari,4.0,12.0,Finished,0.8695,31.5130625,41.276906249999996,27.44603125,2025,12,British Grand Prix,1,1.15,0.7560869565217392,0,4.0,2.0,20.0,0.0,0
HUL,19.0,Kick Sauber,3.0,15.0,Finished,1.168,31.75075,41.26953125,27.28965625,2025,12,British Grand Prix,1,0.95,1.2294736842105263,1,4.0,2.0,76.0,0.0,0
LAW,16.0,Racing Bulls,20.0,0.0,Retired,,,,,2025,12,British Grand Prix,1,1.0,,0,4.0,2.0,64.0,0.0,0
LEC,6.0,Ferrari,14.0,0.0,Finished,2.279,32.00806060606061,41.366454545454545,27.789060606060605,2025,12,British Grand Prix,1,1.08,2.110185185185185,0,4.0,2.0,24.0,2.0,1
NOR,3.0,McLaren,1.0,25.0,Finished,0.0,31.424878787878786,40.98739393939394,27.176151515151513,2025,12,British Grand Prix,1,1.1,0.0,1,4.0,2.0,12.0,2.0,1
OCO,15.0,Haas F1 Team,13.0,0.0,Finished,2.782,31.982352941176472,42.13355882352941,27.77020588235294,2025,12,British Grand Prix,1,1.05,2.6495238095238096,0,4.0,2.0,60.0,0.0,0
PIA,2.0,McLaren,2.0,18.0,Finished,0.25,31.283848484848484,40.906151515151514,27.218666666666667,2025,12,British Grand Prix,1,1.05,0.23809523809523808,1,4.0,2.0,8.0,2.0,1
RUS,4.0,Mercedes,10.0,1.0,Finished,1.659,31.64663636363636,41.505515151515155,27.694848484848485,2025,12,British Grand Prix,1,1.08,1.536111111111111,0,4.0,2.0,16.0,1.0,0
SAI,11.0,Williams,12.0,0.0,Finished,3.111,31.768375,41.8934375,27.82059375,2025,12,British Grand Prix,1,1.05,2.962857142857143,0,4.0,2.0,44.0,0.0,0
STR,18.0,Aston Martin,7.0,6.0,Finished,2.205,31.7908125,41.4965,27.55853125,2025,12,British Grand Prix,1,1.02,2.161764705882353,0,4.0,2.0,72.0,0.0,0
TSU,12.0,Red Bull Racing,15.0,0.0,Lapped,3.526,32.108451612903224,42.57290322580645,27.955967741935485,2025,12,British Grand Prix,1,1.0,3.526,0,4.0,2.0,48.0,0.0,0
VER,1.0,Red Bull Racing,5.0,10.0,Finished,2.767,31.718575757575756,41.69327272727273,27.53821212121212,2025,12,British Grand Prix,1,1.15,2.4060869565217393,0,4.0,2.0,4.0,1.0,0
ALB,5.0,Williams,6.0,8.0,Finished,0.9585,31.60192105263158,49.219605263157895,29.377447368421056,2025,13,Belgian Grand Prix,1,1.0,0.9585,0,2.0,1.0,10.0,0.0,0
ALO,19.0,Aston Martin,17.0,0.0,Finished,1.6015,31.627944444444445,49.54997222222222,29.604916666666668,2025,13,Belgian Grand Prix,1,1.12,1.4299107142857141,0,2.0,1.0,38.0,0.0,0
ANT,18.0,Mercedes,16.0,0.0,Finished,1.562,31.485583333333334,49.946333333333335,29.49886111111111,2025,13,Belgian Grand Prix,1,1.0,1.562,0,2.0,1.0,36.0,1.0,0
BEA,12.0,Haas F1 Team,11.0,0.0,Finished,1.576,31.599763157894735,49.7338947368421,29.599578947368425,2025,13,Belgian Grand Prix,1,1.0,1.576,0,2.0,1.0,24.0,0.0,0
BOR,10.0,Kick Sauber,9.0,2.0,Finished,1.1245,31.757026315789474,49.33928947368421,29.43907894736842,2025,13,Belgian Grand Prix,1,1.0,1.1245,0,2.0,1.0,20.0,0.0,0
COL,17.0,Alpine,19.0,0.0,Finished,2.2895,31.5545,50.19061111111111,29.471555555555558,2025,13,Belgian Grand Prix,1,1.0,2.2895,0,2.0,1.0,34.0,0.0,0
GAS,13.0,Alpine,10.0,1.0,Finished,1.613,31.534684210526315,49.85860526315789,29.390894736842107,2025,13,Belgian Grand Prix,1,1.05,1.536190476190476,0,2.0,1.0,26.0,0.0,0
HAD,8.0,Racing Bulls,20.0,0.0,Lapped,2.2695,32.19197142857143,49.9802,29.82934285714286,2025,13,Belgian Grand Prix,1,1.0,2.2695,0,2.0,1.0,16.0,0.0,0
HAM,16.0,Ferrari,7.0,6.0,Finished,0.933,31.531394736842106,49.02947368421052,29.372157894736844,2025,13,Belgian Grand Prix,1,1.15,0.8113043478260871,0,2.0,1.0,32.0,0.0,0
HUL,14.0,Kick Sauber,12.0,0.0,Finished,1.7055,31.62713888888889,49.32830555555555,29.563388888888888,2025,13,Belgian Grand Prix,1,0.95,1.795263157894737,0,2.0,1.0,28.0,1.0,0
LAW,9.0,Racing Bulls,8.0,4.0,Finished,1.1345,31.80615789473684,49.22273684210526,29.38984210526316,2025,13,Belgian Grand Prix,1,1.0,1.1345,0,2.0,1.0,18.0,0.0,0
LEC,3.0,Ferrari,3.0,15.0,Finished,0.361,31.489210526315787,48.78839473684211,29.355394736842108,2025,13,Belgian Grand Prix,1,1.08,0.3342592592592592,1,2.0,1.0,6.0,1.0,0
NOR,1.0,McLaren,2.0,18.0,Finished,0.0,31.65642105263158,48.43971052631579,29.34842105263158,2025,13,Belgian Grand Prix,1,1.1,0.0,1,2.0,1.0,2.0,2.0,1
OCO,11.0,Haas F1 Team,15.0,0.0,Finished,1.6195,31.550236842105267,50.20571052631579,29.51213157894737,2025,13,Belgian Grand Prix,1,1.05,1.5423809523809522,0,2.0,1.0,22.0,0.0,0
PIA,2.0,McLaren,1.0,25.0,Finished,0.07,31.599342105263162,48.330868421052635,29.350394736842105,2025,13,Belgian Grand Prix,1,1.05,0.06666666666666667,1,2.0,1.0,4.0,2.0,1
RUS,6.0,Mercedes,5.0,10.0,Finished,0.8195,31.420894736842104,49.339684210526315,29.28413157894737,2025,13,Belgian Grand Prix,1,1.08,0.7587962962962963,0,2.0,1.0,12.0,1.0,0
SAI,15.0,Williams,18.0,0.0,Finished,2.099,31.797027777777778,49.39172222222223,29.709277777777782,2025,13,Belgian Grand Prix,1,1.05,1.9990476190476192,0,2.0,1.0,30.0,0.0,0
STR,20.0,Aston Martin,14.0,0.0,Finished,1.634,31.749078947368417,49.762789473684215,29.594078947368423,2025,13,Belgian Grand Prix,1,1.02,1.6019607843137254,0,2.0,1.0,40.0,0.0,0
TSU,7.0,Red Bull Racing,13.0,0.0,Finished,1.6695,31.641263157894734,49.924,29.573526315789476,2025,13,Belgian Grand Prix,1,1.0,1.6695,0,2.0,1.0,14.0,0.0,0
VER,4.0,Red Bull Racing,4.0,12.0,Finished,0.3535,31.63486842105263,48.65792105263158,29.36992105263158,2025,13,Belgian Grand Prix,1,1.15,0.3073913043478261,0,2.0,1.0,8.0,1.0,0
ALB,20.0,Williams,15.0,0.0,Lapped,1.7205,29.61728125,29.73109375,23.306484375,2025,14,Hungarian Grand Prix,0,1.0,1.7205,0,5.0,3.0,100.0,0.0,0
ALO,5.0,Aston Martin,5.0,10.0,Finished,1.529,29.747119402985074,29.35286567164179,23.028268656716417,2025,14,Hungarian Grand Prix,0,1.12,1.529,0,5.0,3.0,25.0,0.0,0
ANT,15.0,Mercedes,10.0,1.0,Lapped,1.5385,29.610484848484848,29.59540909090909,23.292666666666666,2025,14,Hungarian Grand Prix,0,1.0,1.5385,0,5.0,3.0,75.0,0.0,0
BEA,11.0,Haas F1 Team,20.0,0.0,Retired,2.7065,29.950545454545455,29.992431818181817,23.47368181818182,2025,14,Hungarian Grand Prix,0,1.0,2.7065,0,5.0,3.0,55.0,0.0,0
BOR,7.0,Kick Sauber,6.0,8.0,Finished,1.964,29.634910447761193,29.484089552238807,23.138149253731346,2025,14,Hungarian Grand Prix,0,1.0,1.964,0,5.0,3.0,35.0,0.0,0
COL,14.0,Alpine,18.0,0.0,Lapped,1.265,29.7218125,29.56190625,23.28625,2025,14,Hungarian Grand Prix,0,1.0,1.265,0,5.0,3.0,70.0,0.0,0
GAS,17.0,Alpine,19.0,0.0,Lapped,2.4865,29.717303030303032,29.926257575757575,23.44780303030303,2025,14,Hungarian Grand Prix,0,1.05,2.4865,0,5.0,3.0,85.0,0.0,0
HAD,10.0,Racing Bulls,11.0,0.0,Lapped,1.88,29.66648484848485,29.649545454545454,23.27581818181818,2025,14,Hungarian Grand Prix,0,1.0,1.88,0,5.0,3.0,50.0,0.0,0
HAM,12.0,Ferrari,12.0,0.0,Lapped,2.1525,29.515681818181818,29.67269696969697,23.365621212121212,2025,14,Hungarian Grand Prix,0,1.15,2.1525,0,5.0,3.0,60.0,0.0,0
HUL,19.0,Kick Sauber,13.0,0.0,Lapped,1.462,29.55171875,29.6493125,23.205796875,2025,14,Hungarian Grand Prix,0,0.95,1.462,0,5.0,3.0,95.0,1.0,0
LAW,9.0,Racing Bulls,8.0,4.0,Finished,2.112,29.57098507462687,29.56717910447761,23.13761194029851,2025,14,Hungarian Grand Prix,0,1.0,2.112,0,5.0,3.0,45.0,0.0,0
LEC,1.0,Ferrari,4.0,12.0,Finished,0.707,29.507784615384615,28.995215384615385,23.12406153846154,2025,14,Hungarian Grand Prix,0,1.08,0.707,0,5.0,3.0,5.0,2.0,1
NOR,3.0,McLaren,1.0,25.0,Finished,0.0,29.410223880597012,28.947955223880594,22.91920895522388,2025,14,Hungarian Grand Prix,0,1.1,0.0,1,5.0,3.0,15.0,3.0,1
OCO,18.0,Haas F1 Team,16.0,0.0,Lapped,2.094,29.748727272727272,29.857515151515152,23.462,2025,14,Hungarian Grand Prix,0,1.05,2.094,0,5.0,3.0,90.0,0.0,0
PIA,2.0,McLaren,2.0,18.0,Finished,0.219,29.395430769230767,28.83192307692308,22.8256,2025,14,Hungarian Grand Prix,0,1.05,0.219,1,5.0,3.0,10.0,3.0,1
RUS,4.0,Mercedes,3.0,15.0,Finished,0.518,29.367907692307693,29.021538461538462,22.954,2025,14,Hungarian Grand Prix,0,1.08,0.518,1,5.0,3.0,20.0,0.0,0
SAI,13.0,Williams,14.0,0.0,Lapped,1.813,29.631484375,29.77028125,23.259703125,2025,14,Hungarian Grand Prix,0,1.05,1.813,0,5.0,3.0,65.0,0.0,0
STR,6.0,Aston Martin,7.0,6.0,Finished,1.97,29.586880597014925,29.538373134328356,23.143701492537314,2025,14,Hungarian Grand Prix,0,1.02,1.97,0,5.0,3.0,30.0,0.0,0
TSU,16.0,Red Bull Racing,17.0,0.0,Lapped,1.736,29.73690625,29.68153125,23.325140625,2025,14,Hungarian Grand Prix,0,1.0,1.736,0,5.0,3.0,80.0,0.0,0
VER,8.0,Red Bull Racing,9.0,2.0,Finished,1.028,29.451061538461538,29.43076923076923,23.18347692307692,2025,14,Hungarian Grand Prix,0,1.15,1.028,0,5.0,3.0,40.0,0.0,0
ALB,15.0,Williams,5.0,10.0,Finished,0.974,25.648232142857143,27.464464285714286,22.645589285714287,2025,15,Dutch Grand Prix,0,1.0,0.974,0,8.0,3.0,120.0,0.0,0
ALO,10.0,Aston Martin,8.0,4.0,Finished,1.414,25.87780769230769,27.309730769230768,22.920134615384615,2025,15,Dutch Grand Prix,0,1.12,1.414,0,8.0,3.0,80.0,0.0,0
ANT,11.0,Mercedes,16.0,0.0,Finished,0.439,25.659833333333335,27.337407407407408,22.638018518518518,2025,15,Dutch Grand Prix,0,1.0,0.439,0,8.0,3.0,88.0,0.0,0
BEA,19.0,Haas F1 Team,6.0,8.0,Finished,1.762,25.976142857142857,27.614839285714286,22.856517857142855,2025,15,Dutch Grand Prix,0,1.0,1.762,0,8.0,3.0,152.0,0.0,0
BOR,13.0,Kick Sauber,15.0,0.0,Finished,2.0285,26.064603773584906,27.694716981132075,23.000415094339623,2025,15,Dutch Grand Prix,0,1.0,2.0285,0,8.0,3.0,104.0,0.0,0
COL,16.0,Alpine,11.0,0.0,Finished,1.8035,26.074074074074073,27.54998148148148,22.84501851851852,2025,15,Dutch Grand Prix,0,1.0,1.8035,0,8.0,3.0,128.0,0.0,0
GAS,14.0,Alpine,17.0,0.0,Finished,1.9375,26.08205357142857,27.639928571428573,23.01155357142857,2025,15,Dutch Grand Prix,0,1.05,1.9375,0,8.0,3.0,112.0,0.0,0
HAD,4.0,Racing Bulls,3.0,15.0,Finished,0.341,25.408964285714287,27.232392857142855,22.56057142857143,2025,15,Dutch Grand Prix,0,1.0,0.341,1,8.0,3.0,32.0,0.0,0
HAM,7.0,Ferrari,20.0,0.0,Retired,1.5905,25.950285714285716,27.52585714285714,22.830571428571428,2025,15,Dutch Grand Prix,0,1.15,1.5905,0,8.0,3.0,56.0,0.0,0
HUL,17.0,Kick Sauber,14.0,0.0,Finished,1.9605,26.10777358490566,27.561301886792453,22.92933962264151,2025,15,Dutch Grand Prix,0,0.95,1.9605,0,8.0,3.0,136.0,1.0,0
LAW,8.0,Racing Bulls,12.0,0.0,Finished,1.2805,25.832886792452832,27.288622641509434,22.821150943396226,2025,15,Dutch Grand Prix,0,1.0,1.2805,0,8.0,3.0,64.0,0.0,0
LEC,6.0,Ferrari,20.0,0.0,Retired,0.6535,25.763953488372092,27.233046511627904,22.648255813953487,2025,15,Dutch Grand Prix,0,1.08,0.6535,0,8.0,3.0,48.0,1.0,0
NOR,2.0,McLaren,18.0,0.0,Retired,0.0135,25.316288461538463,26.824346153846154,22.524653846153846,2025,15,Dutch Grand Prix,0,1.1,0.0135,0,8.0,3.0,16.0,3.0,1
OCO,18.0,Haas F1 Team,10.0,1.0,Finished,1.9135,26.063145454545452,27.57730909090909,22.96687272727273,2025,15,Dutch Grand Prix,0,1.05,1.9135,0,8.0,3.0,144.0,0.0,0
PIA,1.0,McLaren,1.0,25.0,Finished,0.0,25.305339285714286,26.706482142857144,22.469839285714283,2025,15,Dutch Grand Prix,0,1.05,0.0,1,8.0,3.0,8.0,3.0,1
RUS,5.0,Mercedes,4.0,12.0,Finished,0.967,25.61575,27.290714285714284,22.65344642857143,2025,15,Dutch Grand Prix,0,1.08,0.967,0,8.0,3.0,40.0,1.0,0
SAI,9.0,Williams,13.0,0.0,Finished,1.336,25.699269230769232,27.43578846153846,22.782096153846155,2025,15,Dutch Grand Prix,0,1.05,1.336,0,8.0,3.0,72.0,0.0,0
STR,20.0,Aston Martin,7.0,6.0,Finished,1.3785,25.95577358490566,27.312867924528298,22.879943396226412,2025,15,Dutch Grand Prix,0,1.02,1.3785,0,8.0,3.0,160.0,0.0,0
TSU,12.0,Red Bull Racing,9.0,2.0,Finished,1.736,26.004296296296296,27.5875,22.786462962962965,2025,15,Dutch Grand Prix,0,1.0,1.736,0,8.0,3.0,96.0,0.0,0
VER,3.0,Red Bull Racing,2.0,18.0,Finished,0.2305,25.431285714285714,27.119374999999998,22.554214285714288,2025,15,Dutch Grand Prix,0,1.15,0.2305,1,8.0,3.0,24.0,0.0,0
ALB,14.0,Williams,7.0,6.0,Finished,0.6625,27.22478,28.45128,27.78226,2025,16,Italian Grand Prix,0,1.0,0.6625,0,4.0,1.0,56.0,0.0,0
ALO,9.0,Aston Martin,20.0,0.0,Retired,1.599,27.5009,28.87355,28.16465,2025,16,Italian Grand Prix,0,1.12,1.599,0,4.0,1.0,36.0,0.0,0
ANT,7.0,Mercedes,9.0,2.0,Finished,0.7195,27.2723,28.57676,27.665059999999997,2025,16,Italian Grand Prix,0,1.0,0.7195,0,4.0,1.0,28.0,0.0,0
BEA,11.0,Haas F1 Team,12.0,0.0,Finished,0.4775,27.39312,28.6625,27.69432,2025,16,Italian Grand Prix,0,1.0,0.4775,0,4.0,1.0,44.0,0.0,0
BOR,8.0,Kick Sauber,8.0,4.0,Finished,0.6355,27.3736,28.473200000000002,27.69708,2025,16,Italian Grand Prix,0,1.0,0.6355,0,4.0,1.0,32.0,0.0,0
COL,18.0,Alpine,17.0,0.0,Lapped,1.4605,27.652979591836736,28.69557142857143,27.81783673469388,2025,16,Italian Grand Prix,0,1.0,1.4605,0,4.0,1.0,72.0,0.0,0
GAS,19.0,Alpine,16.0,0.0,Lapped,1.2515,27.565469387755105,28.790979591836734,27.798204081632655,2025,16,Italian Grand Prix,0,1.05,1.2515,0,4.0,1.0,76.0,0.0,0
HAD,16.0,Racing Bulls,10.0,1.0,Finished,0.949,27.386779999999998,28.54964,27.70366,2025,16,Italian Grand Prix,0,1.0,0.949,0,4.0,1.0,64.0,1.0,0
HAM,5.0,Ferrari,6.0,8.0,Finished,0.5555,27.192980000000002,28.42468,27.6089,2025,16,Italian Grand Prix,0,1.15,0.5555,0,4.0,1.0,20.0,0.0,0
HUL,12.0,Kick Sauber,20.0,0.0,Did not start,,,,,2025,16,Italian Grand Prix,0,0.95,,0,4.0,1.0,48.0,0.0,0
LAW,20.0,Racing Bulls,14.0,0.0,Finished,0.938,27.430280000000003,28.75252,27.8002,2025,16,Italian Grand Prix,0,1.0,0.938,0,4.0,1.0,80.0,0.0,0
LEC,4.0,Ferrari,4.0,12.0,Finished,0.2285,27.27896,28.296080000000003,27.4585,2025,16,Italian Grand Prix,0,1.08,0.2285,0,4.0,1.0,16.0,1.0,0
NOR,2.0,McLaren,2.0,18.0,Finished,0.0925,27.339000000000002,28.1383,27.399279999999997,2025,16,Italian Grand Prix,0,1.1,0.0925,1,4.0,1.0,8.0,2.0,1
OCO,15.0,Haas F1 Team,15.0,0.0,Lapped,1.0425,27.46387755102041,28.619469387755103,27.8934693877551,2025,16,Italian Grand Prix,0,1.05,1.0425,0,4.0,1.0,60.0,0.0,0
PIA,3.0,McLaren,3.0,15.0,Finished,0.0645,27.33322,28.18148,27.47876,2025,16,Italian Grand Prix,0,1.05,0.0645,1,4.0,1.0,12.0,3.0,1
RUS,6.0,Mercedes,5.0,10.0,Finished,0.266,27.3386,28.30118,27.48338,2025,16,Italian Grand Prix,0,1.08,0.266,0,4.0,1.0,24.0,1.0,0
SAI,13.0,Williams,11.0,0.0,Finished,0.9585,27.28944,28.66078,27.74404,2025,16,Italian Grand Prix,0,1.05,0.9585,0,4.0,1.0,52.0,0.0,0
STR,17.0,Aston Martin,18.0,0.0,Lapped,1.0535,27.421448979591837,28.664,27.886163265306124,2025,16,Italian Grand Prix,0,1.02,1.0535,0,4.0,1.0,68.0,0.0,0
TSU,10.0,Red Bull Racing,13.0,0.0,Finished,1.118,27.50386,28.72202,27.76768,2025,16,Italian Grand Prix,0,1.0,1.118,0,4.0,1.0,40.0,0.0,0
VER,1.0,Red Bull Racing,1.0,25.0,Finished,0.0,27.286559999999998,28.082539999999998,27.178600000000003,2025,16,Italian Grand Prix,0,1.15,0.0,1,4.0,1.0,4.0,1.0,0
ALB,19.0,Williams,13.0,0.0,Finished,0.714,37.93946666666667,43.26768888888889,25.161155555555556,2025,17,Azerbaijan Grand Prix,0,1.0,0.714,0,3.0,1.0,57.0,0.0,0
ALO,11.0,Aston Martin,15.0,0.0,Finished,1.477,37.9028,43.38675555555555,25.33268888888889,2025,17,Azerbaijan Grand Prix,0,1.12,1.477,0,3.0,1.0,33.0,0.0,0
ANT,4.0,Mercedes,4.0,12.0,Finished,0.195,37.44486666666667,42.824577777777776,25.276511111111112,2025,17,Azerbaijan Grand Prix,0,1.0,0.195,0,3.0,1.0,12.0,0.0,0
BEA,15.0,Haas F1 Team,12.0,0.0,Finished,1.934,38.00975555555556,43.324555555555555,25.171377777777778,2025,17,Azerbaijan Grand Prix,0,1.0,1.934,0,3.0,1.0,45.0,0.0,0
BOR,13.0,Kick Sauber,11.0,0.0,Finished,1.562,37.95068888888889,43.12691111111111,25.421511111111112,2025,17,Azerbaijan Grand Prix,0,1.0,1.562,0,3.0,1.0,39.0,0.0,0
COL,16.0,Alpine,19.0,0.0,Lapped,1.85,38.13043181818182,43.56140909090909,25.515659090909093,2025,17,Azerbaijan Grand Prix,0,1.0,1.85,0,3.0,1.0,48.0,0.0,0
GAS,18.0,Alpine,18.0,0.0,Lapped,2.2605,38.30497727272727,43.82597727272727,25.293545454545452,2025,17,Azerbaijan Grand Prix,0,1.05,2.2605,0,3.0,1.0,54.0,0.0,0
HAD,8.0,Racing Bulls,10.0,1.0,Finished,1.302,37.5912,42.74757777777778,25.606488888888887,2025,17,Azerbaijan Grand Prix,0,1.0,1.302,0,3.0,1.0,24.0,1.0,0
HAM,12.0,Ferrari,8.0,4.0,Finished,0.916,37.57942222222222,43.019622222222225,25.3052,2025,17,Azerbaijan Grand Prix,0,1.15,0.916,0,3.0,1.0,36.0,0.0,0
HUL,17.0,Kick Sauber,16.0,0.0,Finished,2.072,38.08293333333333,43.39128888888889,25.301622222222225,2025,17,Azerbaijan Grand Prix,0,0.95,2.072,0,3.0,1.0,51.0,0.0,0
LAW,3.0,Racing Bulls,5.0,10.0,Finished,0.68,37.52415555555555,42.822155555555554,25.46428888888889,2025,17,Azerbaijan Grand Prix,0,1.0,0.68,0,3.0,1.0,9.0,0.0,0
LEC,10.0,Ferrari,9.0,2.0,Finished,0.6,37.64595555555555,42.9662,25.248844444444448,2025,17,Azerbaijan Grand Prix,0,1.08,0.6,0,3.0,1.0,30.0,0.0,0
NOR,7.0,McLaren,7.0,6.0,Finished,0.489,37.693711111111114,42.93548888888889,25.216600000000003,2025,17,Azerbaijan Grand Prix,0,1.1,0.489,0,3.0,1.0,21.0,2.0,1
OCO,20.0,Haas F1 Team,14.0,0.0,Finished,2.034,38.15559574468085,43.59189361702128,25.37487234042553,2025,17,Azerbaijan Grand Prix,0,1.05,2.034,0,3.0,1.0,60.0,0.0,0
PIA,9.0,McLaren,20.0,0.0,Retired,,,,,2025,17,Azerbaijan Grand Prix,0,1.05,,0,3.0,1.0,27.0,3.0,1
RUS,5.0,Mercedes,2.0,18.0,Finished,0.273,37.474177777777776,42.69113333333333,25.325688888888887,2025,17,Azerbaijan Grand Prix,0,1.08,0.273,1,3.0,1.0,15.0,1.0,0
SAI,2.0,Williams,3.0,15.0,Finished,0.52,37.260666666666665,42.65491111111111,25.607866666666666,2025,17,Azerbaijan Grand Prix,0,1.05,0.52,1,3.0,1.0,6.0,0.0,0
STR,14.0,Aston Martin,17.0,0.0,Finished,2.083,38.13057777777778,43.40968888888889,25.53537777777778,2025,17,Azerbaijan Grand Prix,0,1.02,2.083,0,3.0,1.0,42.0,0.0,0
TSU,6.0,Red Bull Racing,6.0,8.0,Finished,0.654,37.61808888888889,42.80124444444444,25.415,2025,17,Azerbaijan Grand Prix,0,1.0,0.654,0,3.0,1.0,18.0,0.0,0
VER,1.0,Red Bull Racing,1.0,25.0,Finished,0.0,37.16955555555556,42.43682222222222,25.54608888888889,2025,17,Azerbaijan Grand Prix,0,1.15,0.0,1,3.0,1.0,3.0,2.0,1
ALB,19.0,Williams,14.0,0.0,Lapped,1.9975,28.947362068965514,41.75798275862069,27.67241379310345,2025,18,Singapore Grand Prix,1,1.0,1.9975,0,9.0,3.0,171.0,0.0,0
ALO,10.0,Aston Martin,7.0,6.0,Finished,1.378,28.906745762711864,41.457389830508475,27.347830508474576,2025,18,Singapore Grand Prix,1,1.12,1.2303571428571427,0,9.0,3.0,90.0,0.0,0
ANT,4.0,Mercedes,5.0,10.0,Finished,0.509,28.6604406779661,41.09564406779661,27.38508474576271,2025,18,Singapore Grand Prix,1,1.0,0.509,0,9.0,3.0,36.0,0.0,0
BEA,9.0,Haas F1 Team,9.0,2.0,Finished,1.82,28.908389830508476,41.65659322033898,27.532576271186443,2025,18,Singapore Grand Prix,1,1.0,1.82,0,9.0,3.0,81.0,0.0,0
BOR,14.0,Kick Sauber,17.0,0.0,Lapped,2.165,29.051706896551725,41.96593103448276,27.718689655172412,2025,18,Singapore Grand Prix,1,1.0,2.165,0,9.0,3.0,126.0,0.0,0
COL,16.0,Alpine,16.0,0.0,Lapped,2.171,29.077775862068965,42.08225862068966,27.70308620689655,2025,18,Singapore Grand Prix,1,1.0,2.171,0,9.0,3.0,144.0,0.0,0
GAS,18.0,Alpine,19.0,0.0,Lapped,2.1815,28.961089285714284,41.859750000000005,27.637785714285712,2025,18,Singapore Grand Prix,1,1.05,2.0776190476190477,0,9.0,3.0,162.0,0.0,0
HAD,8.0,Racing Bulls,11.0,0.0,Lapped,1.899,29.109810344827586,41.64568965517241,27.683241379310342,2025,18,Singapore Grand Prix,1,1.0,1.899,0,9.0,3.0,72.0,1.0,0
HAM,6.0,Ferrari,8.0,4.0,Finished,0.0,28.929491228070177,41.262403508771925,27.412912280701754,2025,18,Singapore Grand Prix,1,1.15,0.0,0,9.0,3.0,54.0,0.0,0
HUL,11.0,Kick Sauber,20.0,0.0,Lapped,1.9475,28.915464285714286,41.684285714285714,27.556303571428572,2025,18,Singapore Grand Prix,1,0.95,2.0500000000000003,0,9.0,3.0,99.0,0.0,0
LAW,12.0,Racing Bulls,15.0,0.0,Lapped,2.186,29.026396551724137,41.717689655172414,27.791189655172413,2025,18,Singapore Grand Prix,1,1.0,2.186,0,9.0,3.0,108.0,0.0,0
LEC,7.0,Ferrari,6.0,8.0,Finished,0.724,28.7735593220339,41.118406779661015,27.45105084745763,2025,18,Singapore Grand Prix,1,1.08,0.6703703703703703,0,9.0,3.0,63.0,0.0,0
NOR,5.0,McLaren,3.0,15.0,Finished,0.228,28.626881355932206,40.893406779661014,27.229135593220338,2025,18,Singapore Grand Prix,1,1.1,0.20727272727272728,1,9.0,3.0,45.0,1.0,0
OCO,17.0,Haas F1 Team,18.0,0.0,Lapped,2.134,29.009017241379308,42.08974137931035,27.772637931034485,2025,18,Singapore Grand Prix,1,1.05,2.032380952380952,0,9.0,3.0,153.0,0.0,0
PIA,3.0,McLaren,4.0,12.0,Finished,0.241,28.665016949152545,40.815627118644066,27.208474576271186,2025,18,Singapore Grand Prix,1,1.05,0.22952380952380952,0,9.0,3.0,27.0,2.0,1
RUS,1.0,Mercedes,1.0,25.0,Finished,0.17,28.589966101694916,40.87020338983051,27.187050847457627,2025,18,Singapore Grand Prix,1,1.08,0.1574074074074074,1,9.0,3.0,9.0,1.0,0
SAI,20.0,Williams,10.0,1.0,Lapped,1.989,28.96851724137931,41.706310344827585,27.59746551724138,2025,18,Singapore Grand Prix,1,1.05,1.8942857142857144,0,9.0,3.0,180.0,1.0,0
STR,15.0,Aston Martin,13.0,0.0,Lapped,2.186,29.04684482758621,41.70508620689655,27.746224137931033,2025,18,Singapore Grand Prix,1,1.02,2.1431372549019607,0,9.0,3.0,135.0,0.0,0
TSU,13.0,Red Bull Racing,12.0,0.0,Lapped,1.861,28.90820689655172,41.74710344827586,27.695241379310346,2025,18,Singapore Grand Prix,1,1.0,1.861,0,9.0,3.0,117.0,0.0,0
VER,2.0,Red Bull Racing,2.0,18.0,Finished,0.019,28.65433898305085,40.87801694915254,27.189457627118646,2025,18,Singapore Grand Prix,1,1.15,0.016521739130434785,1,9.0,3.0,18.0,3.0,1
ALB,19.0,Williams,14.0,0.0,Finished,0.8355,26.69876470588235,40.02770588235294,33.51233333333333,2025,19,United States Grand Prix,0,1.0,0.8355,0,3.0,2.0,57.0,0.0,0
ALO,10.0,Aston Martin,10.0,1.0,Finished,1.2075,26.898215686274508,39.98474509803921,33.49550980392157,2025,19,United States Grand Prix,0,1.12,1.2075,0,3.0,2.0,30.0,0.0,0
ANT,7.0,Mercedes,13.0,0.0,Finished,0.5485,26.71892156862745,39.93378431372549,33.858333333333334,2025,19,United States Grand Prix,0,1.0,0.5485,0,3.0,2.0,21.0,0.0,0
BEA,8.0,Haas F1 Team,9.0,2.0,Finished,1.1815,26.624745098039217,40.06888235294117,33.69643137254902,2025,19,United States Grand Prix,0,1.0,1.1815,0,3.0,2.0,24.0,0.0,0
BOR,16.0,Kick Sauber,18.0,0.0,Lapped,1.368,26.851791666666667,40.219520833333334,33.561791666666664,2025,19,United States Grand Prix,0,1.0,1.368,0,3.0,2.0,48.0,0.0,0
COL,15.0,Alpine,17.0,0.0,Lapped,1.81,27.023940000000003,40.27954,33.68004,2025,19,United States Grand Prix,0,1.0,1.81,0,3.0,2.0,45.0,0.0,0
GAS,14.0,Alpine,19.0,0.0,Lapped,1.784,27.00458,40.33128,33.724160000000005,2025,19,United States Grand Prix,0,1.05,1.784,0,3.0,2.0,42.0,0.0,0
HAD,20.0,Racing Bulls,16.0,0.0,Finished,1.4405,26.89035294117647,40.26274509803922,33.6351568627451,2025,19,United States Grand Prix,0,1.0,1.4405,0,3.0,2.0,60.0,0.0,0
HAM,5.0,Ferrari,4.0,12.0,Finished,0.335,26.43192,39.87028,33.379,2025,19,United States Grand Prix,0,1.15,0.335,0,3.0,2.0,15.0,0.0,0
HUL,11.0,Kick Sauber,8.0,4.0,Finished,0.9785,26.725549019607843,39.99486274509804,33.44874509803922,2025,19,United States Grand Prix,0,0.95,0.9785,0,3.0,2.0,33.0,0.0,0
LAW,12.0,Racing Bulls,11.0,0.0,Finished,1.4575,26.79170588235294,40.12717647058823,33.542392156862746,2025,19,United States Grand Prix,0,1.0,1.4575,0,3.0,2.0,36.0,0.0,0
LEC,3.0,Ferrari,3.0,15.0,Finished,0.0,26.39522,39.838,33.20816,2025,19,United States Grand Prix,0,1.08,0.0,1,3.0,2.0,9.0,0.0,0
NOR,2.0,McLaren,2.0,18.0,Finished,0.221,26.409540000000003,39.63998,33.24142,2025,19,United States Grand Prix,0,1.1,0.221,1,3.0,2.0,6.0,2.0,1
OCO,17.0,Haas F1 Team,15.0,0.0,Finished,0.5715,26.7303137254902,40.22094117647059,33.655392156862746,2025,19,United States Grand Prix,0,1.05,0.5715,0,3.0,2.0,51.0,0.0,0
PIA,6.0,McLaren,5.0,10.0,Finished,0.528,26.60452,39.82244,33.26874,2025,19,United States Grand Prix,0,1.05,0.528,0,3.0,2.0,18.0,1.0,0
RUS,4.0,Mercedes,6.0,8.0,Finished,0.8205,26.615823529411763,39.90094117647059,33.29066666666667,2025,19,United States Grand Prix,0,1.08,0.8205,0,3.0,2.0,12.0,2.0,1
SAI,9.0,Williams,20.0,0.0,Retired,1.384,27.16125,39.787000000000006,33.819,2025,19,United States Grand Prix,0,1.05,1.384,0,3.0,2.0,27.0,1.0,0
STR,18.0,Aston Martin,12.0,0.0,Finished,0.8335,26.960666666666665,39.948627450980396,33.55380392156862,2025,19,United States Grand Prix,0,1.02,0.8335,0,3.0,2.0,54.0,0.0,0
TSU,13.0,Red Bull Racing,7.0,6.0,Finished,0.7255,26.816490196078433,39.91192156862745,33.347764705882355,2025,19,United States Grand Prix,0,1.0,0.7255,0,3.0,2.0,39.0,0.0,0
VER,1.0,Red Bull Racing,1.0,25.0,Finished,0.114,26.567719999999998,39.71198,32.92672,2025,19,United States Grand Prix,0,1.15,0.114,1,3.0,2.0,3.0,3.0,1
ALB,17.0,Williams,12.0,0.0,Lapped,1.5235,29.030753846153846,32.54529230769231,21.610738461538464,2025,20,Mexico City Grand Prix,0,1.0,1.5235,0,3.0,2.0,51.0,0.0,0
ALO,14.0,Aston Martin,20.0,0.0,Retired,1.526,29.246,32.584133333333334,21.6511,2025,20,Mexico City Grand Prix,0,1.12,1.526,0,3.0,2.0,42.0,0.0,0
ANT,6.0,Mercedes,6.0,8.0,Finished,0.3925,28.749203125,32.24959375,21.37796875,2025,20,Mexico City Grand Prix,0,1.0,0.3925,0,3.0,2.0,18.0,0.0,0
BEA,10.0,Haas F1 Team,4.0,12.0,Finished,0.356,28.901,32.10346875,21.310625,2025,20,Mexico City Grand Prix,0,1.0,0.356,0,3.0,2.0,30.0,0.0,0
BOR,16.0,Kick Sauber,10.0,1.0,Finished,1.428,29.086151515151514,32.49131818181819,21.53578787878788,2025,20,Mexico City Grand Prix,0,1.0,1.428,0,3.0,2.0,48.0,0.0,0
COL,20.0,Alpine,16.0,0.0,Lapped,2.2335,29.334984615384613,32.7294,21.668123076923074,2025,20,Mexico City Grand Prix,0,1.0,2.2335,0,3.0,2.0,60.0,0.0,0
GAS,18.0,Alpine,15.0,0.0,Lapped,1.9975,29.38364615384615,32.69915384615385,21.6906,2025,20,Mexico City Grand Prix,0,1.05,1.9975,0,3.0,2.0,54.0,0.0,0
HAD,9.0,Racing Bulls,13.0,0.0,Lapped,1.0775,29.2716,32.46969230769231,21.51796923076923,2025,20,Mexico City Grand Prix,0,1.0,1.0775,0,3.0,2.0,27.0,0.0,0
HAM,3.0,Ferrari,8.0,4.0,Finished,0.2225,28.8201875,32.150234375,21.337953125,2025,20,Mexico City Grand Prix,0,1.15,0.2225,0,3.0,2.0,9.0,0.0,0
HUL,13.0,Kick Sauber,20.0,0.0,Retired,2.1225,29.78739130434783,32.893521739130435,21.726478260869566,2025,20,Mexico City Grand Prix,0,0.95,2.1225,0,3.0,2.0,39.0,0.0,0
LAW,15.0,Racing Bulls,20.0,0.0,Retired,3.0215,29.989,33.156,21.979,2025,20,Mexico City Grand Prix,0,1.0,3.0215,0,3.0,2.0,45.0,0.0,0
LEC,2.0,Ferrari,2.0,18.0,Finished,0.2315,28.86039393939394,32.17569696969697,21.413848484848486,2025,20,Mexico City Grand Prix,0,1.08,0.2315,1,3.0,2.0,6.0,1.0,0
NOR,1.0,McLaren,1.0,25.0,Finished,0.0,29.007954545454545,31.836363636363632,21.189227272727273,2025,20,Mexico City Grand Prix,0,1.1,0.0,1,3.0,2.0,3.0,2.0,1
OCO,12.0,Haas F1 Team,9.0,2.0,Finished,0.582,28.999863636363635,32.56987878787879,21.49610606060606,2025,20,Mexico City Grand Prix,0,1.05,0.582,0,3.0,2.0,36.0,0.0,0
PIA,8.0,McLaren,5.0,10.0,Finished,0.2965,28.620203125,32.29559375,21.376,2025,20,Mexico City Grand Prix,0,1.05,0.2965,0,3.0,2.0,24.0,0.0,0
RUS,4.0,Mercedes,7.0,6.0,Finished,0.3025,28.807203125,32.310484375,21.34928125,2025,20,Mexico City Grand Prix,0,1.08,0.3025,0,3.0,2.0,12.0,2.0,1
SAI,7.0,Williams,17.0,0.0,Retired,0.5925,28.86841666666667,32.39698333333333,21.357183333333335,2025,20,Mexico City Grand Prix,0,1.05,0.5925,0,3.0,2.0,21.0,1.0,0
STR,19.0,Aston Martin,14.0,0.0,Lapped,0.5035,29.1388253968254,32.32169841269841,21.39709523809524,2025,20,Mexico City Grand Prix,0,1.02,0.5035,0,3.0,2.0,57.0,0.0,0
TSU,11.0,Red Bull Racing,11.0,0.0,Finished,0.975,29.085045454545455,32.38610606060606,21.535287878787877,2025,20,Mexico City Grand Prix,0,1.0,0.975,0,3.0,2.0,33.0,0.0,0
VER,5.0,Red Bull Racing,3.0,15.0,Finished,0.642,28.949530303030304,32.140424242424245,21.35831818181818,2025,20,Mexico City Grand Prix,0,1.15,0.642,1,3.0,2.0,15.0,3.0,1
ALB,12.0,Williams,11.0,0.0,Finished,1.1885,19.144233333333332,38.7994,17.07838333333333,2025,21,São Paulo Grand Prix,0,1.0,1.1885,0,2.0,2.0,24.0,0.0,0
ALO,11.0,Aston Martin,14.0,0.0,Finished,0.825,19.12858333333333,38.73335,17.13705,2025,21,São Paulo Grand Prix,0,1.12,0.825,0,2.0,2.0,22.0,0.0,0
ANT,2.0,Mercedes,2.0,18.0,Finished,0.4515,19.04985,38.196983333333336,17.040333333333333,2025,21,São Paulo Grand Prix,0,1.0,0.4515,1,2.0,2.0,4.0,0.0,0
BEA,8.0,Haas F1 Team,6.0,8.0,Finished,0.5795,19.147466666666666,38.379599999999996,17.069683333333334,2025,21,São Paulo Grand Prix,0,1.0,0.5795,0,2.0,2.0,16.0,0.0,0
BOR,,Kick Sauber,20.0,0.0,Retired,,,,,2025,21,São Paulo Grand Prix,0,1.0,,0,2.0,2.0,,0.0,0
COL,18.0,Alpine,15.0,0.0,Finished,0.801,19.204733333333333,38.62903333333334,17.1456,2025,21,São Paulo Grand Prix,0,1.0,0.801,0,2.0,2.0,36.0,0.0,0
GAS,9.0,Alpine,10.0,1.0,Finished,0.948,19.126216666666668,38.90761666666666,16.98303333333333,2025,21,São Paulo Grand Prix,0,1.05,0.948,0,2.0,2.0,18.0,0.0,0
HAD,5.0,Racing Bulls,8.0,4.0,Finished,0.919,19.179966666666665,38.71503333333333,17.076,2025,21,São Paulo Grand Prix,0,1.0,0.919,0,2.0,2.0,10.0,0.0,0
HAM,13.0,Ferrari,20.0,0.0,Retired,1.7385,19.28896,39.13316,17.13016,2025,21,São Paulo Grand Prix,0,1.15,1.7385,0,2.0,2.0,26.0,0.0,0
HUL,10.0,Kick Sauber,9.0,2.0,Finished,1.3295,19.29790322580645,38.87943548387097,17.14151612903226,2025,21,São Paulo Grand Prix,0,0.95,1.3295,0,2.0,2.0,20.0,0.0,0
LAW,7.0,Racing Bulls,7.0,6.0,Finished,1.444,19.317693548387098,38.88758064516129,17.122645161290322,2025,21,São Paulo Grand Prix,0,1.0,1.444,0,2.0,2.0,14.0,0.0,0
LEC,3.0,Ferrari,20.0,0.0,Retired,,,,,2025,21,São Paulo Grand Prix,0,1.08,,0,2.0,2.0,6.0,2.0,1
NOR,1.0,McLaren,1.0,25.0,Finished,0.488,19.065800000000003,38.054449999999996,17.025083333333335,2025,21,São Paulo Grand Prix,0,1.1,0.488,1,2.0,2.0,2.0,3.0,1
OCO,17.0,Haas F1 Team,12.0,0.0,Finished,1.2725,19.21,38.61363934426229,17.112426229508195,2025,21,São Paulo Grand Prix,0,1.05,1.2725,0,2.0,2.0,34.0,0.0,0
PIA,4.0,McLaren,5.0,10.0,Finished,0.32,19.020483333333335,38.19085,17.019233333333332,2025,21,São Paulo Grand Prix,0,1.05,0.32,0,2.0,2.0,8.0,0.0,0
RUS,6.0,Mercedes,4.0,12.0,Finished,0.322,19.02405,38.38623333333333,17.015133333333335,2025,21,São Paulo Grand Prix,0,1.08,0.322,0,2.0,2.0,12.0,1.0,0
SAI,15.0,Williams,13.0,0.0,Finished,1.0905,19.02385,38.96288333333334,17.013133333333332,2025,21,São Paulo Grand Prix,0,1.05,1.0905,0,2.0,2.0,30.0,0.0,0
STR,14.0,Aston Martin,16.0,0.0,Finished,0.9945,19.111661016949153,38.58827118644068,17.126525423728815,2025,21,São Paulo Grand Prix,0,1.02,0.9945,0,2.0,2.0,28.0,0.0,0
TSU,19.0,Red Bull Racing,17.0,0.0,Finished,1.0735,19.062783333333336,38.6949,17.080283333333334,2025,21,São Paulo Grand Prix,0,1.0,1.0735,0,2.0,2.0,38.0,0.0,0
VER,16.0,Red Bull Racing,3.0,15.0,Finished,0.0,18.9138,38.28971666666666,16.978233333333332,2025,21,São Paulo Grand Prix,0,1.15,0.0,1,2.0,2.0,32.0,3.0,1
ALB,16.0,Williams,20.0,0.0,Retired,1.296,27.7317037037037,32.33914814814815,36.501296296296296,2025,22,Las Vegas Grand Prix,0,1.0,1.296,0,2.0,1.0,32.0,0.0,0
ALO,7.0,Aston Martin,11.0,0.0,Finished,1.849,27.59870454545455,32.51356818181818,36.80736363636363,2025,22,Las Vegas Grand Prix,0,1.12,1.849,0,2.0,1.0,14.0,0.0,0
ANT,17.0,Mercedes,3.0,15.0,Finished,0.517,27.23817777777778,32.0706,36.39111111111111,2025,22,Las Vegas Grand Prix,0,1.0,0.517,1,2.0,1.0,34.0,1.0,0
BEA,14.0,Haas F1 Team,10.0,1.0,Finished,1.366,27.594372093023257,32.39006976744186,36.53579069767442,2025,22,Las Vegas Grand Prix,0,1.0,1.366,0,2.0,1.0,28.0,0.0,0
BOR,18.0,Kick Sauber,20.0,0.0,Retired,,,,,2025,22,Las Vegas Grand Prix,0,1.0,,0,2.0,1.0,36.0,0.0,0
COL,15.0,Alpine,15.0,0.0,Lapped,1.9835,27.94092857142857,32.447500000000005,36.85466666666667,2025,22,Las Vegas Grand Prix,0,1.0,1.9835,0,2.0,1.0,30.0,0.0,0
GAS,10.0,Alpine,13.0,0.0,Finished,1.899,27.846555555555558,32.370599999999996,36.7286,2025,22,Las Vegas Grand Prix,0,1.05,1.899,0,2.0,1.0,20.0,0.0,0
HAD,8.0,Racing Bulls,6.0,8.0,Finished,0.478,27.32339534883721,32.154953488372094,36.557,2025,22,Las Vegas Grand Prix,0,1.0,0.478,0,2.0,1.0,16.0,0.0,0
HAM,20.0,Ferrari,8.0,4.0,Finished,0.889,27.621302325581393,32.2049534883721,36.416767441860465,2025,22,Las Vegas Grand Prix,0,1.15,0.889,0,2.0,1.0,40.0,0.0,0
HUL,11.0,Kick Sauber,7.0,6.0,Finished,1.01,27.439767441860468,32.15881395348837,36.50297674418604,2025,22,Las Vegas Grand Prix,0,0.95,1.01,0,2.0,1.0,22.0,0.0,0
LAW,6.0,Racing Bulls,14.0,0.0,Lapped,1.735,27.79707142857143,32.24452380952381,36.511880952380956,2025,22,Las Vegas Grand Prix,0,1.0,1.735,0,2.0,1.0,12.0,0.0,0
LEC,9.0,Ferrari,4.0,12.0,Finished,0.185,27.253372093023255,31.85988372093023,36.564627906976746,2025,22,Las Vegas Grand Prix,0,1.08,0.185,0,2.0,1.0,18.0,2.0,1
NOR,1.0,McLaren,20.0,0.0,Disqualified,0.526,27.236046511627908,31.94348837209302,36.41004651162791,2025,22,Las Vegas Grand Prix,0,1.1,0.526,0,2.0,1.0,2.0,3.0,1
OCO,13.0,Haas F1 Team,9.0,2.0,Finished,0.7775,27.600428571428573,32.219,36.41764285714286,2025,22,Las Vegas Grand Prix,0,1.05,0.7775,0,2.0,1.0,26.0,0.0,0
PIA,5.0,McLaren,20.0,0.0,Disqualified,0.128,27.346302325581398,32.08074418604651,36.246,2025,22,Las Vegas Grand Prix,0,1.05,0.128,0,2.0,1.0,10.0,0.0,0
RUS,4.0,Mercedes,2.0,18.0,Finished,0.375,27.390046511627904,32.00511627906977,36.31911627906977,2025,22,Las Vegas Grand Prix,0,1.08,0.375,1,2.0,1.0,8.0,0.0,0
SAI,3.0,Williams,5.0,10.0,Finished,0.354,27.37893023255814,32.058093023255815,36.38553488372093,2025,22,Las Vegas Grand Prix,0,1.05,0.354,0,2.0,1.0,6.0,0.0,0
STR,12.0,Aston Martin,20.0,0.0,Retired,,,,,2025,22,Las Vegas Grand Prix,0,1.02,,0,2.0,1.0,24.0,0.0,0
TSU,19.0,Red Bull Racing,12.0,0.0,Finished,1.2,27.608999999999998,32.33927906976744,36.454069767441865,2025,22,Las Vegas Grand Prix,0,1.0,1.2,0,2.0,1.0,38.0,0.0,0
VER,2.0,Red Bull Racing,1.0,25.0,Finished,0.0,26.938232558139536,31.769720930232555,36.50186046511628,2025,22,Las Vegas Grand Prix,0,1.15,0.0,1,2.0,1.0,4.0,3.0,1
ALB,15.0,Williams,11.0,0.0,Finished,2.285,32.07022,29.53318,25.04292,2025,23,Qatar Grand Prix,0,1.0,2.285,0,4.0,2.0,60.0,0.0,0
ALO,8.0,Aston Martin,7.0,6.0,Finished,1.3955,32.02598,29.347779999999997,24.97342,2025,23,Qatar Grand Prix,0,1.12,1.3955,0,4.0,2.0,32.0,0.0,0
ANT,5.0,Mercedes,5.0,10.0,Finished,1.447,31.6505,29.28812,24.8717,2025,23,Qatar Grand Prix,0,1.0,1.447,0,4.0,2.0,20.0,2.0,1
BEA,13.0,Haas F1 Team,20.0,0.0,Retired,2.579,32.16034375,29.895875,25.21315625,2025,23,Qatar Grand Prix,0,1.0,2.579,0,4.0,2.0,52.0,0.0,0
BOR,14.0,Kick Sauber,13.0,0.0,Finished,2.3405,32.135419999999996,29.70948,25.1541,2025,23,Qatar Grand Prix,0,1.0,2.3405,0,4.0,2.0,56.0,0.0,0
COL,20.0,Alpine,14.0,0.0,Lapped,2.448,32.24977551020408,29.69330612244898,25.156877551020408,2025,23,Qatar Grand Prix,0,1.0,2.448,0,4.0,2.0,80.0,0.0,0
GAS,9.0,Alpine,16.0,0.0,Lapped,2.424,32.183510204081635,29.65504081632653,25.105938775510204,2025,23,Qatar Grand Prix,0,1.05,2.424,0,4.0,2.0,36.0,0.0,0
HAD,6.0,Racing Bulls,18.0,0.0,Retired,1.693,32.0165744680851,29.319212765957445,25.06008510638298,2025,23,Qatar Grand Prix,0,1.0,1.693,0,4.0,2.0,24.0,0.0,0
HAM,18.0,Ferrari,12.0,0.0,Finished,2.181,32.06086,29.659360000000003,25.127480000000002,2025,23,Qatar Grand Prix,0,1.15,2.181,0,4.0,2.0,72.0,0.0,0
HUL,11.0,Kick Sauber,20.0,0.0,Retired,3.414,32.629599999999996,30.007600000000004,25.7668,2025,23,Qatar Grand Prix,0,0.95,3.414,0,4.0,2.0,44.0,0.0,0
LAW,12.0,Racing Bulls,9.0,2.0,Finished,1.9635,32.02632,29.4709,24.98974,2025,23,Qatar Grand Prix,0,1.0,1.9635,0,4.0,2.0,48.0,0.0,0
LEC,10.0,Ferrari,8.0,4.0,Finished,2.0045,31.92306,29.550340000000002,24.96484,2025,23,Qatar Grand Prix,0,1.08,2.0045,0,4.0,2.0,40.0,1.0,0
NOR,2.0,McLaren,4.0,12.0,Finished,0.168,31.575791666666664,29.1258125,24.54104166666667,2025,23,Qatar Grand Prix,0,1.1,0.168,0,4.0,2.0,8.0,2.0,1
OCO,17.0,Haas F1 Team,15.0,0.0,Lapped,2.458,32.11867346938776,29.711653061224492,25.243224489795917,2025,23,Qatar Grand Prix,0,1.05,2.458,0,4.0,2.0,68.0,0.0,0
PIA,1.0,McLaren,2.0,18.0,Finished,0.0,31.488395833333332,28.919458333333335,24.496916666666667,2025,23,Qatar Grand Prix,0,1.05,0.0,1,4.0,2.0,4.0,0.0,0
RUS,4.0,Mercedes,6.0,8.0,Finished,1.687,31.90884,29.45072,24.87762,2025,23,Qatar Grand Prix,0,1.08,1.687,0,4.0,2.0,16.0,1.0,0
SAI,7.0,Williams,3.0,15.0,Finished,1.232,31.8271,29.046280000000003,24.8871,2025,23,Qatar Grand Prix,0,1.05,1.232,1,4.0,2.0,28.0,0.0,0
STR,19.0,Aston Martin,17.0,0.0,Retired,1.531,32.11762222222222,29.538911111111112,25.12482222222222,2025,23,Qatar Grand Prix,0,1.02,1.531,0,4.0,2.0,76.0,0.0,0
TSU,16.0,Red Bull Racing,10.0,1.0,Finished,2.1855,31.98264,29.57294,24.98034,2025,23,Qatar Grand Prix,0,1.0,2.1855,0,4.0,2.0,64.0,0.0,0
VER,3.0,Red Bull Racing,1.0,25.0,Finished,0.434,31.585479999999997,29.05204,24.66282,2025,23,Qatar Grand Prix,0,1.15,0.434,1,4.0,2.0,12.0,3.0,1
ALB,17.0,Williams,16.0,0.0,Finished,1.496,17.946,38.2771320754717,33.422377358490564,2025,24,Abu Dhabi Grand Prix,0,1.0,1.496,0,5.0,2.0,85.0,0.0,0
ALO,6.0,Aston Martin,6.0,8.0,Finished,1.742,17.952254545454547,38.60049090909091,33.20861818181818,2025,24,Abu Dhabi Grand Prix,0,1.12,1.742,0,5.0,2.0,30.0,0.0,0
ANT,14.0,Mercedes,15.0,0.0,Finished,1.862,17.991145454545457,38.31527272727273,33.65,2025,24,Abu Dhabi Grand Prix,0,1.0,1.862,0,5.0,2.0,70.0,2.0,1
BEA,11.0,Haas F1 Team,12.0,0.0,Finished,1.537,17.943854545454546,38.442890909090906,33.47374545454546,2025,24,Abu Dhabi Grand Prix,0,1.0,1.537,0,5.0,2.0,55.0,0.0,0
BOR,7.0,Kick Sauber,11.0,0.0,Finished,1.832,18.001690909090907,38.40156363636363,33.61596363636364,2025,24,Abu Dhabi Grand Prix,0,1.0,1.832,0,5.0,2.0,35.0,0.0,0
COL,20.0,Alpine,20.0,0.0,Lapped,1.618,18.08276923076923,38.65159615384616,33.11807692307692,2025,24,Abu Dhabi Grand Prix,0,1.0,1.618,0,5.0,2.0,100.0,0.0,0
GAS,19.0,Alpine,19.0,0.0,Lapped,1.6555,18.07301923076923,38.58226923076923,33.070884615384614,2025,24,Abu Dhabi Grand Prix,0,1.05,1.6555,0,5.0,2.0,95.0,0.0,0
HAD,9.0,Racing Bulls,17.0,0.0,Lapped,1.886,18.040425925925927,38.72377777777778,33.40488888888889,2025,24,Abu Dhabi Grand Prix,0,1.0,1.886,0,5.0,2.0,45.0,0.0,0
HAM,16.0,Ferrari,8.0,4.0,Finished,1.073,17.97390566037736,38.20318867924529,33.25581132075472,2025,24,Abu Dhabi Grand Prix,0,1.15,1.073,0,5.0,2.0,80.0,0.0,0
HUL,18.0,Kick Sauber,9.0,2.0,Finished,1.375,18.04854716981132,38.17939622641509,33.31067924528302,2025,24,Abu Dhabi Grand Prix,0,0.95,1.375,0,5.0,2.0,90.0,0.0,0
LAW,13.0,Racing Bulls,18.0,0.0,Lapped,1.4875,17.966425925925925,38.762351851851854,33.281,2025,24,Abu Dhabi Grand Prix,0,1.0,1.4875,0,5.0,2.0,65.0,0.0,0
LEC,5.0,Ferrari,4.0,12.0,Finished,0.245,17.870830188679246,38.03407547169812,32.68947169811321,2025,24,Abu Dhabi Grand Prix,0,1.08,0.245,0,5.0,2.0,25.0,0.0,0
NOR,2.0,McLaren,3.0,15.0,Finished,0.0,17.734509433962263,38.2311320754717,32.51950943396226,2025,24,Abu Dhabi Grand Prix,0,1.1,0.0,1,5.0,2.0,10.0,1.0,0
OCO,8.0,Haas F1 Team,7.0,6.0,Finished,1.435,17.947636363636363,38.29101818181818,33.532509090909095,2025,24,Abu Dhabi Grand Prix,0,1.05,1.435,0,5.0,2.0,40.0,0.0,0
PIA,3.0,McLaren,2.0,18.0,Finished,1.035,17.78661818181818,38.45514545454545,32.59581818181818,2025,24,Abu Dhabi Grand Prix,0,1.05,1.035,1,5.0,2.0,15.0,1.0,0
RUS,4.0,Mercedes,5.0,10.0,Finished,1.151,17.871563636363636,38.37267272727272,33.19294545454546,2025,24,Abu Dhabi Grand Prix,0,1.08,1.151,0,5.0,2.0,20.0,1.0,0
SAI,12.0,Williams,13.0,0.0,Finished,1.599,18.047963636363637,38.28667272727272,33.625527272727275,2025,24,Abu Dhabi Grand Prix,0,1.05,1.599,0,5.0,2.0,60.0,1.0,0
STR,15.0,Aston Martin,10.0,1.0,Finished,1.761,17.99658181818182,38.446290909090905,33.38589090909091,2025,24,Abu Dhabi Grand Prix,0,1.02,1.761,0,5.0,2.0,75.0,0.0,0
TSU,10.0,Red Bull Racing,14.0,0.0,Finished,1.846,17.919454545454546,38.447709090909086,33.57585454545455,2025,24,Abu Dhabi Grand Prix,0,1.0,1.846,0,5.0,2.0,50.0,0.0,0
VER,1.0,Red Bull Racing,1.0,25.0,Finished,0.169,17.785127272727273,38.3746,32.4858,2025,24,Abu Dhabi Grand Prix,0,1.15,0.169,1,5.0,2.0,5.0,3.0,1
